"RowIDs","Age_Group","License_Holders","JURISDICTION","GENDER","YEAR","Total"
"Row0","16-19",136254,"NSW","Female",2010,2315322
"Row0","20-24",186532,"NSW","Female",2010,2315322
"Row0","25-29",208155,"NSW","Female",2010,2315322
"Row0","30-39",457993,"NSW","Female",2010,2315322
"Row0","40-49",456544,"NSW","Female",2010,2315322
"Row0","50-59",400051,"NSW","Female",2010,2315322
"Row0","60-69",283479,"NSW","Female",2010,2315322
"Row0","70-79",139556,"NSW","Female",2010,2315322
"Row0","80+",46758,"NSW","Female",2010,2315322
"Row1","16-19",137008,"NSW","Female",2011,2369737
"Row1","20-24",193069,"NSW","Female",2011,2369737
"Row1","25-29",212912,"NSW","Female",2011,2369737
"Row1","30-39",460906,"NSW","Female",2011,2369737
"Row1","40-49",463234,"NSW","Female",2011,2369737
"Row1","50-59",410543,"NSW","Female",2011,2369737
"Row1","60-69",296446,"NSW","Female",2011,2369737
"Row1","70-79",144943,"NSW","Female",2011,2369737
"Row1","80+",50676,"NSW","Female",2011,2369737
"Row2","16-19",137689,"NSW","Female",2012,2418398
"Row2","20-24",197443,"NSW","Female",2012,2418398
"Row2","25-29",215084,"NSW","Female",2012,2418398
"Row2","30-39",461701,"NSW","Female",2012,2418398
"Row2","40-49",469189,"NSW","Female",2012,2418398
"Row2","50-59",421116,"NSW","Female",2012,2418398
"Row2","60-69",309668,"NSW","Female",2012,2418398
"Row2","70-79",152765,"NSW","Female",2012,2418398
"Row2","80+",53743,"NSW","Female",2012,2418398
"Row3","16-19",139198,"NSW","Female",2013,2460091
"Row3","20-24",198294,"NSW","Female",2013,2460091
"Row3","25-29",214947,"NSW","Female",2013,2460091
"Row3","30-39",465003,"NSW","Female",2013,2460091
"Row3","40-49",472387,"NSW","Female",2013,2460091
"Row3","50-59",430366,"NSW","Female",2013,2460091
"Row3","60-69",323208,"NSW","Female",2013,2460091
"Row3","70-79",160449,"NSW","Female",2013,2460091
"Row3","80+",56239,"NSW","Female",2013,2460091
"Row4","16-19",140367,"NSW","Female",2014,2504739
"Row4","20-24",199350,"NSW","Female",2014,2504739
"Row4","25-29",216933,"NSW","Female",2014,2504739
"Row4","30-39",471747,"NSW","Female",2014,2504739
"Row4","40-49",475479,"NSW","Female",2014,2504739
"Row4","50-59",438574,"NSW","Female",2014,2504739
"Row4","60-69",333489,"NSW","Female",2014,2504739
"Row4","70-79",170423,"NSW","Female",2014,2504739
"Row4","80+",58377,"NSW","Female",2014,2504739
"Row5","16-19",141662,"NSW","Female",2015,2557718
"Row5","20-24",201665,"NSW","Female",2015,2557718
"Row5","25-29",221972,"NSW","Female",2015,2557718
"Row5","30-39",481869,"NSW","Female",2015,2557718
"Row5","40-49",481264,"NSW","Female",2015,2557718
"Row5","50-59",444563,"NSW","Female",2015,2557718
"Row5","60-69",343801,"NSW","Female",2015,2557718
"Row5","70-79",180209,"NSW","Female",2015,2557718
"Row5","80+",60713,"NSW","Female",2015,2557718
"Row6","16-19",143365,"NSW","Female",2016,2605565
"Row6","20-24",201936,"NSW","Female",2016,2605565
"Row6","25-29",226743,"NSW","Female",2016,2605565
"Row6","30-39",491897,"NSW","Female",2016,2605565
"Row6","40-49",485894,"NSW","Female",2016,2605565
"Row6","50-59",447972,"NSW","Female",2016,2605565
"Row6","60-69",354081,"NSW","Female",2016,2605565
"Row6","70-79",189642,"NSW","Female",2016,2605565
"Row6","80+",64035,"NSW","Female",2016,2605565
"Row7","16-19",144158,"NSW","Female",2017,2657267
"Row7","20-24",203730,"NSW","Female",2017,2657267
"Row7","25-29",231063,"NSW","Female",2017,2657267
"Row7","30-39",504518,"NSW","Female",2017,2657267
"Row7","40-49",489871,"NSW","Female",2017,2657267
"Row7","50-59",450863,"NSW","Female",2017,2657267
"Row7","60-69",360249,"NSW","Female",2017,2657267
"Row7","70-79",205145,"NSW","Female",2017,2657267
"Row7","80+",67670,"NSW","Female",2017,2657267
"Row8","16-19",146703,"NSW","Female",2018,2703930
"Row8","20-24",204585,"NSW","Female",2018,2703930
"Row8","25-29",233564,"NSW","Female",2018,2703930
"Row8","30-39",515560,"NSW","Female",2018,2703930
"Row8","40-49",493287,"NSW","Female",2018,2703930
"Row8","50-59",452663,"NSW","Female",2018,2703930
"Row8","60-69",368437,"NSW","Female",2018,2703930
"Row8","70-79",217945,"NSW","Female",2018,2703930
"Row8","80+",71186,"NSW","Female",2018,2703930
"Row9","16-19",146100,"NSW","Female",2019,2741799
"Row9","20-24",204934,"NSW","Female",2019,2741799
"Row9","25-29",235004,"NSW","Female",2019,2741799
"Row9","30-39",525714,"NSW","Female",2019,2741799
"Row9","40-49",494383,"NSW","Female",2019,2741799
"Row9","50-59",455762,"NSW","Female",2019,2741799
"Row9","60-69",376230,"NSW","Female",2019,2741799
"Row9","70-79",228831,"NSW","Female",2019,2741799
"Row9","80+",74841,"NSW","Female",2019,2741799
"Row10","16-19",145362,"NSW","Female",2020,2761683
"Row10","20-24",205146,"NSW","Female",2020,2761683
"Row10","25-29",234777,"NSW","Female",2020,2761683
"Row10","30-39",532347,"NSW","Female",2020,2761683
"Row10","40-49",495704,"NSW","Female",2020,2761683
"Row10","50-59",457434,"NSW","Female",2020,2761683
"Row10","60-69",380069,"NSW","Female",2020,2761683
"Row10","70-79",234621,"NSW","Female",2020,2761683
"Row10","80+",76223,"NSW","Female",2020,2761683
"Row11","16-19",148692,"NSW","Female",2021,2832283
"Row11","20-24",209726,"NSW","Female",2021,2832283
"Row11","25-29",237919,"NSW","Female",2021,2832283
"Row11","30-39",547953,"NSW","Female",2021,2832283
"Row11","40-49",500041,"NSW","Female",2021,2832283
"Row11","50-59",463169,"NSW","Female",2021,2832283
"Row11","60-69",392804,"NSW","Female",2021,2832283
"Row11","70-79",250226,"NSW","Female",2021,2832283
"Row11","80+",81753,"NSW","Female",2021,2832283
"Row12","16-19",150262,"NSW","Female",2022,2908461
"Row12","20-24",210957,"NSW","Female",2022,2908461
"Row12","25-29",238305,"NSW","Female",2022,2908461
"Row12","30-39",553612,"NSW","Female",2022,2908461
"Row12","40-49",505578,"NSW","Female",2022,2908461
"Row12","50-59",470636,"NSW","Female",2022,2908461
"Row12","60-69",405012,"NSW","Female",2022,2908461
"Row12","70-79",270862,"NSW","Female",2022,2908461
"Row12","80+",103237,"NSW","Female",2022,2908461
"Row13","16-19",155276,"NSW","Female",2023,2952159
"Row13","20-24",212868,"NSW","Female",2023,2952159
"Row13","25-29",240555,"NSW","Female",2023,2952159
"Row13","30-39",558605,"NSW","Female",2023,2952159
"Row13","40-49",512166,"NSW","Female",2023,2952159
"Row13","50-59",473053,"NSW","Female",2023,2952159
"Row13","60-69",411616,"NSW","Female",2023,2952159
"Row13","70-79",279774,"NSW","Female",2023,2952159
"Row13","80+",108246,"NSW","Female",2023,2952159
"Row14","16-19",161512,"NSW","Female",2024,3009242
"Row14","20-24",215936,"NSW","Female",2024,3009242
"Row14","25-29",245605,"NSW","Female",2024,3009242
"Row14","30-39",564586,"NSW","Female",2024,3009242
"Row14","40-49",521052,"NSW","Female",2024,3009242
"Row14","50-59",476210,"NSW","Female",2024,3009242
"Row14","60-69",419205,"NSW","Female",2024,3009242
"Row14","70-79",288559,"NSW","Female",2024,3009242
"Row14","80+",116577,"NSW","Female",2024,3009242
"Row15","16-19",144248,"NSW","Male",2010,2476168
"Row15","20-24",191066,"NSW","Male",2010,2476168
"Row15","25-29",210538,"NSW","Male",2010,2476168
"Row15","30-39",461910,"NSW","Male",2010,2476168
"Row15","40-49",472941,"NSW","Male",2010,2476168
"Row15","50-59",427968,"NSW","Male",2010,2476168
"Row15","60-69",325847,"NSW","Male",2010,2476168
"Row15","70-79",174314,"NSW","Male",2010,2476168
"Row15","80+",67336,"NSW","Male",2010,2476168
"Row16","16-19",144838,"NSW","Male",2011,2523951
"Row16","20-24",197014,"NSW","Male",2011,2523951
"Row16","25-29",214158,"NSW","Male",2011,2523951
"Row16","30-39",465444,"NSW","Male",2011,2523951
"Row16","40-49",477713,"NSW","Male",2011,2523951
"Row16","50-59",436375,"NSW","Male",2011,2523951
"Row16","60-69",337695,"NSW","Male",2011,2523951
"Row16","70-79",179275,"NSW","Male",2011,2523951
"Row16","80+",71439,"NSW","Male",2011,2523951
"Row17","16-19",144815,"NSW","Male",2012,2566575
"Row17","20-24",201827,"NSW","Male",2012,2566575
"Row17","25-29",215802,"NSW","Male",2012,2566575
"Row17","30-39",466699,"NSW","Male",2012,2566575
"Row17","40-49",481561,"NSW","Male",2012,2566575
"Row17","50-59",446717,"NSW","Male",2012,2566575
"Row17","60-69",348551,"NSW","Male",2012,2566575
"Row17","70-79",186071,"NSW","Male",2012,2566575
"Row17","80+",74532,"NSW","Male",2012,2566575
"Row18","16-19",144415,"NSW","Male",2013,2600671
"Row18","20-24",202781,"NSW","Male",2013,2600671
"Row18","25-29",215411,"NSW","Male",2013,2600671
"Row18","30-39",470168,"NSW","Male",2013,2600671
"Row18","40-49",482750,"NSW","Male",2013,2600671
"Row18","50-59",455140,"NSW","Male",2013,2600671
"Row18","60-69",360292,"NSW","Male",2013,2600671
"Row18","70-79",192797,"NSW","Male",2013,2600671
"Row18","80+",76917,"NSW","Male",2013,2600671
"Row19","16-19",144666,"NSW","Male",2014,2637657
"Row19","20-24",202942,"NSW","Male",2014,2637657
"Row19","25-29",217932,"NSW","Male",2014,2637657
"Row19","30-39",476857,"NSW","Male",2014,2637657
"Row19","40-49",483801,"NSW","Male",2014,2637657
"Row19","50-59",462110,"NSW","Male",2014,2637657
"Row19","60-69",368163,"NSW","Male",2014,2637657
"Row19","70-79",202195,"NSW","Male",2014,2637657
"Row19","80+",78991,"NSW","Male",2014,2637657
"Row20","16-19",145142,"NSW","Male",2015,2687996
"Row20","20-24",205116,"NSW","Male",2015,2687996
"Row20","25-29",223392,"NSW","Male",2015,2687996
"Row20","30-39",488552,"NSW","Male",2015,2687996
"Row20","40-49",489526,"NSW","Male",2015,2687996
"Row20","50-59",467314,"NSW","Male",2015,2687996
"Row20","60-69",376425,"NSW","Male",2015,2687996
"Row20","70-79",211174,"NSW","Male",2015,2687996
"Row20","80+",81355,"NSW","Male",2015,2687996
"Row21","16-19",146098,"NSW","Male",2016,2732304
"Row21","20-24",206049,"NSW","Male",2016,2732304
"Row21","25-29",228090,"NSW","Male",2016,2732304
"Row21","30-39",500233,"NSW","Male",2016,2732304
"Row21","40-49",492494,"NSW","Male",2016,2732304
"Row21","50-59",469627,"NSW","Male",2016,2732304
"Row21","60-69",384945,"NSW","Male",2016,2732304
"Row21","70-79",220383,"NSW","Male",2016,2732304
"Row21","80+",84385,"NSW","Male",2016,2732304
"Row22","16-19",147304,"NSW","Male",2017,2782328
"Row22","20-24",207878,"NSW","Male",2017,2782328
"Row22","25-29",233721,"NSW","Male",2017,2782328
"Row22","30-39",513477,"NSW","Male",2017,2782328
"Row22","40-49",496518,"NSW","Male",2017,2782328
"Row22","50-59",471420,"NSW","Male",2017,2782328
"Row22","60-69",388287,"NSW","Male",2017,2782328
"Row22","70-79",235740,"NSW","Male",2017,2782328
"Row22","80+",87983,"NSW","Male",2017,2782328
"Row23","16-19",149144,"NSW","Male",2018,2825118
"Row23","20-24",209002,"NSW","Male",2018,2825118
"Row23","25-29",237852,"NSW","Male",2018,2825118
"Row23","30-39",524602,"NSW","Male",2018,2825118
"Row23","40-49",500347,"NSW","Male",2018,2825118
"Row23","50-59",471429,"NSW","Male",2018,2825118
"Row23","60-69",393167,"NSW","Male",2018,2825118
"Row23","70-79",248106,"NSW","Male",2018,2825118
"Row23","80+",91469,"NSW","Male",2018,2825118
"Row24","16-19",149146,"NSW","Male",2019,2864215
"Row24","20-24",211456,"NSW","Male",2019,2864215
"Row24","25-29",241483,"NSW","Male",2019,2864215
"Row24","30-39",534957,"NSW","Male",2019,2864215
"Row24","40-49",503105,"NSW","Male",2019,2864215
"Row24","50-59",472224,"NSW","Male",2019,2864215
"Row24","60-69",398954,"NSW","Male",2019,2864215
"Row24","70-79",258102,"NSW","Male",2019,2864215
"Row24","80+",94788,"NSW","Male",2019,2864215
"Row25","16-19",149594,"NSW","Male",2020,2886489
"Row25","20-24",212151,"NSW","Male",2020,2886489
"Row25","25-29",243677,"NSW","Male",2020,2886489
"Row25","30-39",541750,"NSW","Male",2020,2886489
"Row25","40-49",505083,"NSW","Male",2020,2886489
"Row25","50-59",473756,"NSW","Male",2020,2886489
"Row25","60-69",401424,"NSW","Male",2020,2886489
"Row25","70-79",262687,"NSW","Male",2020,2886489
"Row25","80+",96367,"NSW","Male",2020,2886489
"Row26","16-19",153123,"NSW","Male",2021,2943421
"Row26","20-24",216686,"NSW","Male",2021,2943421
"Row26","25-29",245600,"NSW","Male",2021,2943421
"Row26","30-39",551680,"NSW","Male",2021,2943421
"Row26","40-49",510624,"NSW","Male",2021,2943421
"Row26","50-59",476125,"NSW","Male",2021,2943421
"Row26","60-69",410908,"NSW","Male",2021,2943421
"Row26","70-79",276285,"NSW","Male",2021,2943421
"Row26","80+",102390,"NSW","Male",2021,2943421
"Row27","16-19",157645,"NSW","Male",2022,3051551
"Row27","20-24",221653,"NSW","Male",2022,3051551
"Row27","25-29",250350,"NSW","Male",2022,3051551
"Row27","30-39",562177,"NSW","Male",2022,3051551
"Row27","40-49",520646,"NSW","Male",2022,3051551
"Row27","50-59",484585,"NSW","Male",2022,3051551
"Row27","60-69",425643,"NSW","Male",2022,3051551
"Row27","70-79",298886,"NSW","Male",2022,3051551
"Row27","80+",129966,"NSW","Male",2022,3051551
"Row28","16-19",165089,"NSW","Male",2023,3087998
"Row28","20-24",227016,"NSW","Male",2023,3087998
"Row28","25-29",254410,"NSW","Male",2023,3087998
"Row28","30-39",567796,"NSW","Male",2023,3087998
"Row28","40-49",527996,"NSW","Male",2023,3087998
"Row28","50-59",484962,"NSW","Male",2023,3087998
"Row28","60-69",430051,"NSW","Male",2023,3087998
"Row28","70-79",302444,"NSW","Male",2023,3087998
"Row28","80+",128234,"NSW","Male",2023,3087998
"Row29","16-19",172182,"NSW","Male",2024,3156984
"Row29","20-24",236109,"NSW","Male",2024,3156984
"Row29","25-29",263885,"NSW","Male",2024,3156984
"Row29","30-39",577743,"NSW","Male",2024,3156984
"Row29","40-49",538377,"NSW","Male",2024,3156984
"Row29","50-59",486454,"NSW","Male",2024,3156984
"Row29","60-69",437167,"NSW","Male",2024,3156984
"Row29","70-79",309618,"NSW","Male",2024,3156984
"Row29","80+",135449,"NSW","Male",2024,3156984
"Row30","16-19",280502,"NSW","Persons",2010,4791490
"Row30","20-24",377598,"NSW","Persons",2010,4791490
"Row30","25-29",418693,"NSW","Persons",2010,4791490
"Row30","30-39",919903,"NSW","Persons",2010,4791490
"Row30","40-49",929485,"NSW","Persons",2010,4791490
"Row30","50-59",828019,"NSW","Persons",2010,4791490
"Row30","60-69",609326,"NSW","Persons",2010,4791490
"Row30","70-79",313870,"NSW","Persons",2010,4791490
"Row30","80+",114094,"NSW","Persons",2010,4791490
"Row31","16-19",281846,"NSW","Persons",2011,4893688
"Row31","20-24",390083,"NSW","Persons",2011,4893688
"Row31","25-29",427070,"NSW","Persons",2011,4893688
"Row31","30-39",926350,"NSW","Persons",2011,4893688
"Row31","40-49",940947,"NSW","Persons",2011,4893688
"Row31","50-59",846918,"NSW","Persons",2011,4893688
"Row31","60-69",634141,"NSW","Persons",2011,4893688
"Row31","70-79",324218,"NSW","Persons",2011,4893688
"Row31","80+",122115,"NSW","Persons",2011,4893688
"Row32","16-19",282504,"NSW","Persons",2012,4984973
"Row32","20-24",399270,"NSW","Persons",2012,4984973
"Row32","25-29",430886,"NSW","Persons",2012,4984973
"Row32","30-39",928400,"NSW","Persons",2012,4984973
"Row32","40-49",950750,"NSW","Persons",2012,4984973
"Row32","50-59",867833,"NSW","Persons",2012,4984973
"Row32","60-69",658219,"NSW","Persons",2012,4984973
"Row32","70-79",338836,"NSW","Persons",2012,4984973
"Row32","80+",128275,"NSW","Persons",2012,4984973
"Row33","16-19",283613,"NSW","Persons",2013,5060762
"Row33","20-24",401075,"NSW","Persons",2013,5060762
"Row33","25-29",430358,"NSW","Persons",2013,5060762
"Row33","30-39",935171,"NSW","Persons",2013,5060762
"Row33","40-49",955137,"NSW","Persons",2013,5060762
"Row33","50-59",885506,"NSW","Persons",2013,5060762
"Row33","60-69",683500,"NSW","Persons",2013,5060762
"Row33","70-79",353246,"NSW","Persons",2013,5060762
"Row33","80+",133156,"NSW","Persons",2013,5060762
"Row34","16-19",285033,"NSW","Persons",2014,5142396
"Row34","20-24",402292,"NSW","Persons",2014,5142396
"Row34","25-29",434865,"NSW","Persons",2014,5142396
"Row34","30-39",948604,"NSW","Persons",2014,5142396
"Row34","40-49",959280,"NSW","Persons",2014,5142396
"Row34","50-59",900684,"NSW","Persons",2014,5142396
"Row34","60-69",701652,"NSW","Persons",2014,5142396
"Row34","70-79",372618,"NSW","Persons",2014,5142396
"Row34","80+",137368,"NSW","Persons",2014,5142396
"Row35","16-19",286804,"NSW","Persons",2015,5245755
"Row35","20-24",406781,"NSW","Persons",2015,5245755
"Row35","25-29",445364,"NSW","Persons",2015,5245755
"Row35","30-39",970421,"NSW","Persons",2015,5245755
"Row35","40-49",970801,"NSW","Persons",2015,5245755
"Row35","50-59",911892,"NSW","Persons",2015,5245755
"Row35","60-69",720235,"NSW","Persons",2015,5245755
"Row35","70-79",391388,"NSW","Persons",2015,5245755
"Row35","80+",142069,"NSW","Persons",2015,5245755
"Row36","16-19",289463,"NSW","Persons",2016,5337947
"Row36","20-24",407985,"NSW","Persons",2016,5337947
"Row36","25-29",454833,"NSW","Persons",2016,5337947
"Row36","30-39",992130,"NSW","Persons",2016,5337947
"Row36","40-49",978408,"NSW","Persons",2016,5337947
"Row36","50-59",917622,"NSW","Persons",2016,5337947
"Row36","60-69",739051,"NSW","Persons",2016,5337947
"Row36","70-79",410034,"NSW","Persons",2016,5337947
"Row36","80+",148421,"NSW","Persons",2016,5337947
"Row37","16-19",291462,"NSW","Persons",2017,5439711
"Row37","20-24",411608,"NSW","Persons",2017,5439711
"Row37","25-29",464784,"NSW","Persons",2017,5439711
"Row37","30-39",1017995,"NSW","Persons",2017,5439711
"Row37","40-49",986418,"NSW","Persons",2017,5439711
"Row37","50-59",922331,"NSW","Persons",2017,5439711
"Row37","60-69",748559,"NSW","Persons",2017,5439711
"Row37","70-79",440900,"NSW","Persons",2017,5439711
"Row37","80+",155654,"NSW","Persons",2017,5439711
"Row38","16-19",295847,"NSW","Persons",2018,5529185
"Row38","20-24",413587,"NSW","Persons",2018,5529185
"Row38","25-29",471416,"NSW","Persons",2018,5529185
"Row38","30-39",1040162,"NSW","Persons",2018,5529185
"Row38","40-49",993656,"NSW","Persons",2018,5529185
"Row38","50-59",924156,"NSW","Persons",2018,5529185
"Row38","60-69",761634,"NSW","Persons",2018,5529185
"Row38","70-79",466067,"NSW","Persons",2018,5529185
"Row38","80+",162660,"NSW","Persons",2018,5529185
"Row39","16-19",295246,"NSW","Persons",2019,5606175
"Row39","20-24",416390,"NSW","Persons",2019,5606175
"Row39","25-29",476487,"NSW","Persons",2019,5606175
"Row39","30-39",1060671,"NSW","Persons",2019,5606175
"Row39","40-49",997503,"NSW","Persons",2019,5606175
"Row39","50-59",928063,"NSW","Persons",2019,5606175
"Row39","60-69",775230,"NSW","Persons",2019,5606175
"Row39","70-79",486952,"NSW","Persons",2019,5606175
"Row39","80+",169633,"NSW","Persons",2019,5606175
"Row40","16-19",294956,"NSW","Persons",2020,5648327
"Row40","20-24",417297,"NSW","Persons",2020,5648327
"Row40","25-29",478454,"NSW","Persons",2020,5648327
"Row40","30-39",1074097,"NSW","Persons",2020,5648327
"Row40","40-49",1000800,"NSW","Persons",2020,5648327
"Row40","50-59",931260,"NSW","Persons",2020,5648327
"Row40","60-69",781544,"NSW","Persons",2020,5648327
"Row40","70-79",497326,"NSW","Persons",2020,5648327
"Row40","80+",172593,"NSW","Persons",2020,5648327
"Row41","16-19",301815,"NSW","Persons",2021,5775889
"Row41","20-24",426412,"NSW","Persons",2021,5775889
"Row41","25-29",483519,"NSW","Persons",2021,5775889
"Row41","30-39",1099633,"NSW","Persons",2021,5775889
"Row41","40-49",1010670,"NSW","Persons",2021,5775889
"Row41","50-59",939385,"NSW","Persons",2021,5775889
"Row41","60-69",803775,"NSW","Persons",2021,5775889
"Row41","70-79",526533,"NSW","Persons",2021,5775889
"Row41","80+",184147,"NSW","Persons",2021,5775889
"Row42","16-19",307908,"NSW","Persons",2022,5960216
"Row42","20-24",432610,"NSW","Persons",2022,5960216
"Row42","25-29",488658,"NSW","Persons",2022,5960216
"Row42","30-39",1115792,"NSW","Persons",2022,5960216
"Row42","40-49",1026229,"NSW","Persons",2022,5960216
"Row42","50-59",955302,"NSW","Persons",2022,5960216
"Row42","60-69",830732,"NSW","Persons",2022,5960216
"Row42","70-79",569775,"NSW","Persons",2022,5960216
"Row42","80+",233210,"NSW","Persons",2022,5960216
"Row43","16-19",320366,"NSW","Persons",2023,6040358
"Row43","20-24",439886,"NSW","Persons",2023,6040358
"Row43","25-29",494966,"NSW","Persons",2023,6040358
"Row43","30-39",1126407,"NSW","Persons",2023,6040358
"Row43","40-49",1040169,"NSW","Persons",2023,6040358
"Row43","50-59",958083,"NSW","Persons",2023,6040358
"Row43","60-69",841753,"NSW","Persons",2023,6040358
"Row43","70-79",582242,"NSW","Persons",2023,6040358
"Row43","80+",236486,"NSW","Persons",2023,6040358
"Row44","16-19",333694,"NSW","Persons",2024,6166226
"Row44","20-24",452045,"NSW","Persons",2024,6166226
"Row44","25-29",509490,"NSW","Persons",2024,6166226
"Row44","30-39",1142329,"NSW","Persons",2024,6166226
"Row44","40-49",1059429,"NSW","Persons",2024,6166226
"Row44","50-59",962664,"NSW","Persons",2024,6166226
"Row44","60-69",856372,"NSW","Persons",2024,6166226
"Row44","70-79",598177,"NSW","Persons",2024,6166226
"Row44","80+",252026,"NSW","Persons",2024,6166226
"Row45","16-19",107699,"VIC","Female",2010,1940880
"Row45","20-24",167949,"VIC","Female",2010,1940880
"Row45","25-29",185030,"VIC","Female",2010,1940880
"Row45","30-39",383814,"VIC","Female",2010,1940880
"Row45","40-49",379942,"VIC","Female",2010,1940880
"Row45","50-59",323517,"VIC","Female",2010,1940880
"Row45","60-69",225482,"VIC","Female",2010,1940880
"Row45","70-79",113917,"VIC","Female",2010,1940880
"Row45","80+",53530,"VIC","Female",2010,1940880
"Row46","16-19",107718,"VIC","Female",2011,1982698
"Row46","20-24",170829,"VIC","Female",2011,1982698
"Row46","25-29",189697,"VIC","Female",2011,1982698
"Row46","30-39",383649,"VIC","Female",2011,1982698
"Row46","40-49",386840,"VIC","Female",2011,1982698
"Row46","50-59",330975,"VIC","Female",2011,1982698
"Row46","60-69",237310,"VIC","Female",2011,1982698
"Row46","70-79",118398,"VIC","Female",2011,1982698
"Row46","80+",57282,"VIC","Female",2011,1982698
"Row47","16-19",106561,"VIC","Female",2012,2021620
"Row47","20-24",172828,"VIC","Female",2012,2021620
"Row47","25-29",193490,"VIC","Female",2012,2021620
"Row47","30-39",387392,"VIC","Female",2012,2021620
"Row47","40-49",393330,"VIC","Female",2012,2021620
"Row47","50-59",338903,"VIC","Female",2012,2021620
"Row47","60-69",247450,"VIC","Female",2012,2021620
"Row47","70-79",124303,"VIC","Female",2012,2021620
"Row47","80+",57363,"VIC","Female",2012,2021620
"Row48","16-19",105888,"VIC","Female",2013,2071941
"Row48","20-24",173604,"VIC","Female",2013,2071941
"Row48","25-29",197944,"VIC","Female",2013,2071941
"Row48","30-39",397253,"VIC","Female",2013,2071941
"Row48","40-49",399368,"VIC","Female",2013,2071941
"Row48","50-59",347912,"VIC","Female",2013,2071941
"Row48","60-69",260558,"VIC","Female",2013,2071941
"Row48","70-79",130354,"VIC","Female",2013,2071941
"Row48","80+",59060,"VIC","Female",2013,2071941
"Row49","16-19",105605,"VIC","Female",2014,2113919
"Row49","20-24",174835,"VIC","Female",2014,2113919
"Row49","25-29",201073,"VIC","Female",2014,2113919
"Row49","30-39",406378,"VIC","Female",2014,2113919
"Row49","40-49",403234,"VIC","Female",2014,2113919
"Row49","50-59",354991,"VIC","Female",2014,2113919
"Row49","60-69",269879,"VIC","Female",2014,2113919
"Row49","70-79",138019,"VIC","Female",2014,2113919
"Row49","80+",59905,"VIC","Female",2014,2113919
"Row50","16-19",105444,"VIC","Female",2015,2153123
"Row50","20-24",175998,"VIC","Female",2015,2153123
"Row50","25-29",204668,"VIC","Female",2015,2153123
"Row50","30-39",416987,"VIC","Female",2015,2153123
"Row50","40-49",407574,"VIC","Female",2015,2153123
"Row50","50-59",360248,"VIC","Female",2015,2153123
"Row50","60-69",278850,"VIC","Female",2015,2153123
"Row50","70-79",145692,"VIC","Female",2015,2153123
"Row50","80+",57662,"VIC","Female",2015,2153123
"Row51","16-19",106409,"VIC","Female",2016,2199924
"Row51","20-24",176253,"VIC","Female",2016,2199924
"Row51","25-29",208208,"VIC","Female",2016,2199924
"Row51","30-39",429888,"VIC","Female",2016,2199924
"Row51","40-49",411209,"VIC","Female",2016,2199924
"Row51","50-59",365510,"VIC","Female",2016,2199924
"Row51","60-69",288206,"VIC","Female",2016,2199924
"Row51","70-79",153949,"VIC","Female",2016,2199924
"Row51","80+",60292,"VIC","Female",2016,2199924
"Row52","16-19",106698,"VIC","Female",2017,2247661
"Row52","20-24",177817,"VIC","Female",2017,2247661
"Row52","25-29",210174,"VIC","Female",2017,2247661
"Row52","30-39",442985,"VIC","Female",2017,2247661
"Row52","40-49",415074,"VIC","Female",2017,2247661
"Row52","50-59",369933,"VIC","Female",2017,2247661
"Row52","60-69",293085,"VIC","Female",2017,2247661
"Row52","70-79",167705,"VIC","Female",2017,2247661
"Row52","80+",64190,"VIC","Female",2017,2247661
"Row53","16-19",110685,"VIC","Female",2018,2300072
"Row53","20-24",178003,"VIC","Female",2018,2300072
"Row53","25-29",213601,"VIC","Female",2018,2300072
"Row53","30-39",457716,"VIC","Female",2018,2300072
"Row53","40-49",418024,"VIC","Female",2018,2300072
"Row53","50-59",375126,"VIC","Female",2018,2300072
"Row53","60-69",299887,"VIC","Female",2018,2300072
"Row53","70-79",179866,"VIC","Female",2018,2300072
"Row53","80+",67164,"VIC","Female",2018,2300072
"Row54","16-19",109241,"VIC","Female",2019,2342339
"Row54","20-24",178175,"VIC","Female",2019,2342339
"Row54","25-29",214472,"VIC","Female",2019,2342339
"Row54","30-39",470735,"VIC","Female",2019,2342339
"Row54","40-49",419785,"VIC","Female",2019,2342339
"Row54","50-59",380880,"VIC","Female",2019,2342339
"Row54","60-69",307496,"VIC","Female",2019,2342339
"Row54","70-79",190383,"VIC","Female",2019,2342339
"Row54","80+",71172,"VIC","Female",2019,2342339
"Row55","16-19",97458,"VIC","Female",2020,2371771
"Row55","20-24",176787,"VIC","Female",2020,2371771
"Row55","25-29",214527,"VIC","Female",2020,2371771
"Row55","30-39",481499,"VIC","Female",2020,2371771
"Row55","40-49",422502,"VIC","Female",2020,2371771
"Row55","50-59",386455,"VIC","Female",2020,2371771
"Row55","60-69",314291,"VIC","Female",2020,2371771
"Row55","70-79",201972,"VIC","Female",2020,2371771
"Row55","80+",76280,"VIC","Female",2020,2371771
"Row56","16-19",107233,"VIC","Female",2021,2416555
"Row56","20-24",176642,"VIC","Female",2021,2416555
"Row56","25-29",214329,"VIC","Female",2021,2416555
"Row56","30-39",489905,"VIC","Female",2021,2416555
"Row56","40-49",421746,"VIC","Female",2021,2416555
"Row56","50-59",392372,"VIC","Female",2021,2416555
"Row56","60-69",320572,"VIC","Female",2021,2416555
"Row56","70-79",212668,"VIC","Female",2021,2416555
"Row56","80+",81088,"VIC","Female",2021,2416555
"Row57","16-19",112344,"VIC","Female",2022,2462206
"Row57","20-24",177820,"VIC","Female",2022,2462206
"Row57","25-29",215658,"VIC","Female",2022,2462206
"Row57","30-39",496783,"VIC","Female",2022,2462206
"Row57","40-49",426091,"VIC","Female",2022,2462206
"Row57","50-59",397689,"VIC","Female",2022,2462206
"Row57","60-69",327570,"VIC","Female",2022,2462206
"Row57","70-79",221344,"VIC","Female",2022,2462206
"Row57","80+",86907,"VIC","Female",2022,2462206
"Row58","16-19",119592,"VIC","Female",2023,2527389
"Row58","20-24",182273,"VIC","Female",2023,2527389
"Row58","25-29",220101,"VIC","Female",2023,2527389
"Row58","30-39",508797,"VIC","Female",2023,2527389
"Row58","40-49",435676,"VIC","Female",2023,2527389
"Row58","50-59",402315,"VIC","Female",2023,2527389
"Row58","60-69",334868,"VIC","Female",2023,2527389
"Row58","70-79",231179,"VIC","Female",2023,2527389
"Row58","80+",92588,"VIC","Female",2023,2527389
"Row59","16-19",125595,"VIC","Female",2024,2606135
"Row59","20-24",189215,"VIC","Female",2024,2606135
"Row59","25-29",229200,"VIC","Female",2024,2606135
"Row59","30-39",524775,"VIC","Female",2024,2606135
"Row59","40-49",448121,"VIC","Female",2024,2606135
"Row59","50-59",407090,"VIC","Female",2024,2606135
"Row59","60-69",342488,"VIC","Female",2024,2606135
"Row59","70-79",239606,"VIC","Female",2024,2606135
"Row59","80+",100045,"VIC","Female",2024,2606135
"Row60","16-19",114885,"VIC","Male",2010,2037437
"Row60","20-24",174814,"VIC","Male",2010,2037437
"Row60","25-29",192335,"VIC","Male",2010,2037437
"Row60","30-39",385617,"VIC","Male",2010,2037437
"Row60","40-49",382897,"VIC","Male",2010,2037437
"Row60","50-59",330759,"VIC","Male",2010,2037437
"Row60","60-69",247722,"VIC","Male",2010,2037437
"Row60","70-79",139757,"VIC","Male",2010,2037437
"Row60","80+",68651,"VIC","Male",2010,2037437
"Row61","16-19",115106,"VIC","Male",2011,2077880
"Row61","20-24",177714,"VIC","Male",2011,2077880
"Row61","25-29",198189,"VIC","Male",2011,2077880
"Row61","30-39",388550,"VIC","Male",2011,2077880
"Row61","40-49",388434,"VIC","Male",2011,2077880
"Row61","50-59",337924,"VIC","Male",2011,2077880
"Row61","60-69",256308,"VIC","Male",2011,2077880
"Row61","70-79",143596,"VIC","Male",2011,2077880
"Row61","80+",72059,"VIC","Male",2011,2077880
"Row62","16-19",113479,"VIC","Male",2012,2114102
"Row62","20-24",179156,"VIC","Male",2012,2114102
"Row62","25-29",203208,"VIC","Male",2012,2114102
"Row62","30-39",394661,"VIC","Male",2012,2114102
"Row62","40-49",393913,"VIC","Male",2012,2114102
"Row62","50-59",345262,"VIC","Male",2012,2114102
"Row62","60-69",264146,"VIC","Male",2012,2114102
"Row62","70-79",148396,"VIC","Male",2012,2114102
"Row62","80+",71881,"VIC","Male",2012,2114102
"Row63","16-19",112710,"VIC","Male",2013,2156287
"Row63","20-24",178658,"VIC","Male",2013,2156287
"Row63","25-29",207022,"VIC","Male",2013,2156287
"Row63","30-39",406988,"VIC","Male",2013,2156287
"Row63","40-49",398659,"VIC","Male",2013,2156287
"Row63","50-59",353550,"VIC","Male",2013,2156287
"Row63","60-69",273778,"VIC","Male",2013,2156287
"Row63","70-79",152996,"VIC","Male",2013,2156287
"Row63","80+",71926,"VIC","Male",2013,2156287
"Row64","16-19",112017,"VIC","Male",2014,2196765
"Row64","20-24",181058,"VIC","Male",2014,2196765
"Row64","25-29",209702,"VIC","Male",2014,2196765
"Row64","30-39",418036,"VIC","Male",2014,2196765
"Row64","40-49",402445,"VIC","Male",2014,2196765
"Row64","50-59",360467,"VIC","Male",2014,2196765
"Row64","60-69",281094,"VIC","Male",2014,2196765
"Row64","70-79",158908,"VIC","Male",2014,2196765
"Row64","80+",73038,"VIC","Male",2014,2196765
"Row65","16-19",111681,"VIC","Male",2015,2231474
"Row65","20-24",182835,"VIC","Male",2015,2231474
"Row65","25-29",212747,"VIC","Male",2015,2231474
"Row65","30-39",428943,"VIC","Male",2015,2231474
"Row65","40-49",405740,"VIC","Male",2015,2231474
"Row65","50-59",365539,"VIC","Male",2015,2231474
"Row65","60-69",287633,"VIC","Male",2015,2231474
"Row65","70-79",165404,"VIC","Male",2015,2231474
"Row65","80+",70952,"VIC","Male",2015,2231474
"Row66","16-19",111752,"VIC","Male",2016,2274519
"Row66","20-24",184757,"VIC","Male",2016,2274519
"Row66","25-29",214877,"VIC","Male",2016,2274519
"Row66","30-39",441997,"VIC","Male",2016,2274519
"Row66","40-49",410495,"VIC","Male",2016,2274519
"Row66","50-59",369749,"VIC","Male",2016,2274519
"Row66","60-69",295237,"VIC","Male",2016,2274519
"Row66","70-79",172191,"VIC","Male",2016,2274519
"Row66","80+",73464,"VIC","Male",2016,2274519
"Row67","16-19",110497,"VIC","Male",2017,2317857
"Row67","20-24",186760,"VIC","Male",2017,2317857
"Row67","25-29",216278,"VIC","Male",2017,2317857
"Row67","30-39",454953,"VIC","Male",2017,2317857
"Row67","40-49",415174,"VIC","Male",2017,2317857
"Row67","50-59",374355,"VIC","Male",2017,2317857
"Row67","60-69",298172,"VIC","Male",2017,2317857
"Row67","70-79",184444,"VIC","Male",2017,2317857
"Row67","80+",77224,"VIC","Male",2017,2317857
"Row68","16-19",112020,"VIC","Male",2018,2365535
"Row68","20-24",188154,"VIC","Male",2018,2365535
"Row68","25-29",219936,"VIC","Male",2018,2365535
"Row68","30-39",468452,"VIC","Male",2018,2365535
"Row68","40-49",419336,"VIC","Male",2018,2365535
"Row68","50-59",379272,"VIC","Male",2018,2365535
"Row68","60-69",303778,"VIC","Male",2018,2365535
"Row68","70-79",194644,"VIC","Male",2018,2365535
"Row68","80+",79943,"VIC","Male",2018,2365535
"Row69","16-19",110770,"VIC","Male",2019,2405998
"Row69","20-24",189177,"VIC","Male",2019,2405998
"Row69","25-29",224866,"VIC","Male",2019,2405998
"Row69","30-39",479303,"VIC","Male",2019,2405998
"Row69","40-49",421416,"VIC","Male",2019,2405998
"Row69","50-59",383771,"VIC","Male",2019,2405998
"Row69","60-69",310371,"VIC","Male",2019,2405998
"Row69","70-79",202936,"VIC","Male",2019,2405998
"Row69","80+",83388,"VIC","Male",2019,2405998
"Row70","16-19",99508,"VIC","Male",2020,2435680
"Row70","20-24",188118,"VIC","Male",2020,2435680
"Row70","25-29",229330,"VIC","Male",2020,2435680
"Row70","30-39",488718,"VIC","Male",2020,2435680
"Row70","40-49",425183,"VIC","Male",2020,2435680
"Row70","50-59",388781,"VIC","Male",2020,2435680
"Row70","60-69",316522,"VIC","Male",2020,2435680
"Row70","70-79",211499,"VIC","Male",2020,2435680
"Row70","80+",88021,"VIC","Male",2020,2435680
"Row71","16-19",109498,"VIC","Male",2021,2478588
"Row71","20-24",188715,"VIC","Male",2021,2478588
"Row71","25-29",233457,"VIC","Male",2021,2478588
"Row71","30-39",494662,"VIC","Male",2021,2478588
"Row71","40-49",426038,"VIC","Male",2021,2478588
"Row71","50-59",392087,"VIC","Male",2021,2478588
"Row71","60-69",322265,"VIC","Male",2021,2478588
"Row71","70-79",219101,"VIC","Male",2021,2478588
"Row71","80+",92765,"VIC","Male",2021,2478588
"Row72","16-19",115317,"VIC","Male",2022,2506630
"Row72","20-24",186231,"VIC","Male",2022,2506630
"Row72","25-29",232080,"VIC","Male",2022,2506630
"Row72","30-39",496622,"VIC","Male",2022,2506630
"Row72","40-49",429850,"VIC","Male",2022,2506630
"Row72","50-59",394983,"VIC","Male",2022,2506630
"Row72","60-69",328066,"VIC","Male",2022,2506630
"Row72","70-79",225720,"VIC","Male",2022,2506630
"Row72","80+",97761,"VIC","Male",2022,2506630
"Row73","16-19",123564,"VIC","Male",2023,2570522
"Row73","20-24",192647,"VIC","Male",2023,2570522
"Row73","25-29",237825,"VIC","Male",2023,2570522
"Row73","30-39",508596,"VIC","Male",2023,2570522
"Row73","40-49",440467,"VIC","Male",2023,2570522
"Row73","50-59",397781,"VIC","Male",2023,2570522
"Row73","60-69",335311,"VIC","Male",2023,2570522
"Row73","70-79",232879,"VIC","Male",2023,2570522
"Row73","80+",101452,"VIC","Male",2023,2570522
"Row74","16-19",130337,"VIC","Male",2024,2654273
"Row74","20-24",203151,"VIC","Male",2024,2654273
"Row74","25-29",247229,"VIC","Male",2024,2654273
"Row74","30-39",528305,"VIC","Male",2024,2654273
"Row74","40-49",454469,"VIC","Male",2024,2654273
"Row74","50-59",401284,"VIC","Male",2024,2654273
"Row74","60-69",342694,"VIC","Male",2024,2654273
"Row74","70-79",239676,"VIC","Male",2024,2654273
"Row74","80+",107128,"VIC","Male",2024,2654273
"Row75","16-19",222584,"VIC","Persons",2010,3978322
"Row75","20-24",342764,"VIC","Persons",2010,3978322
"Row75","25-29",377366,"VIC","Persons",2010,3978322
"Row75","30-39",769433,"VIC","Persons",2010,3978322
"Row75","40-49",762839,"VIC","Persons",2010,3978322
"Row75","50-59",654276,"VIC","Persons",2010,3978322
"Row75","60-69",473204,"VIC","Persons",2010,3978322
"Row75","70-79",253675,"VIC","Persons",2010,3978322
"Row75","80+",122181,"VIC","Persons",2010,3978322
"Row76","16-19",222824,"VIC","Persons",2011,4060582
"Row76","20-24",348543,"VIC","Persons",2011,4060582
"Row76","25-29",387888,"VIC","Persons",2011,4060582
"Row76","30-39",772201,"VIC","Persons",2011,4060582
"Row76","40-49",775274,"VIC","Persons",2011,4060582
"Row76","50-59",668899,"VIC","Persons",2011,4060582
"Row76","60-69",493618,"VIC","Persons",2011,4060582
"Row76","70-79",261994,"VIC","Persons",2011,4060582
"Row76","80+",129341,"VIC","Persons",2011,4060582
"Row77","16-19",220040,"VIC","Persons",2012,4135725
"Row77","20-24",351984,"VIC","Persons",2012,4135725
"Row77","25-29",396698,"VIC","Persons",2012,4135725
"Row77","30-39",782056,"VIC","Persons",2012,4135725
"Row77","40-49",787243,"VIC","Persons",2012,4135725
"Row77","50-59",684165,"VIC","Persons",2012,4135725
"Row77","60-69",511596,"VIC","Persons",2012,4135725
"Row77","70-79",272699,"VIC","Persons",2012,4135725
"Row77","80+",129244,"VIC","Persons",2012,4135725
"Row78","16-19",218598,"VIC","Persons",2013,4228230
"Row78","20-24",352262,"VIC","Persons",2013,4228230
"Row78","25-29",404966,"VIC","Persons",2013,4228230
"Row78","30-39",804243,"VIC","Persons",2013,4228230
"Row78","40-49",798027,"VIC","Persons",2013,4228230
"Row78","50-59",701462,"VIC","Persons",2013,4228230
"Row78","60-69",534336,"VIC","Persons",2013,4228230
"Row78","70-79",283350,"VIC","Persons",2013,4228230
"Row78","80+",130986,"VIC","Persons",2013,4228230
"Row79","16-19",217622,"VIC","Persons",2014,4310687
"Row79","20-24",355894,"VIC","Persons",2014,4310687
"Row79","25-29",410775,"VIC","Persons",2014,4310687
"Row79","30-39",824416,"VIC","Persons",2014,4310687
"Row79","40-49",805679,"VIC","Persons",2014,4310687
"Row79","50-59",715458,"VIC","Persons",2014,4310687
"Row79","60-69",550973,"VIC","Persons",2014,4310687
"Row79","70-79",296927,"VIC","Persons",2014,4310687
"Row79","80+",132943,"VIC","Persons",2014,4310687
"Row80","16-19",217127,"VIC","Persons",2015,4384609
"Row80","20-24",358834,"VIC","Persons",2015,4384609
"Row80","25-29",417418,"VIC","Persons",2015,4384609
"Row80","30-39",845931,"VIC","Persons",2015,4384609
"Row80","40-49",813317,"VIC","Persons",2015,4384609
"Row80","50-59",725789,"VIC","Persons",2015,4384609
"Row80","60-69",566483,"VIC","Persons",2015,4384609
"Row80","70-79",311096,"VIC","Persons",2015,4384609
"Row80","80+",128614,"VIC","Persons",2015,4384609
"Row81","16-19",218166,"VIC","Persons",2016,4474502
"Row81","20-24",361029,"VIC","Persons",2016,4474502
"Row81","25-29",423110,"VIC","Persons",2016,4474502
"Row81","30-39",871888,"VIC","Persons",2016,4474502
"Row81","40-49",821708,"VIC","Persons",2016,4474502
"Row81","50-59",735261,"VIC","Persons",2016,4474502
"Row81","60-69",583444,"VIC","Persons",2016,4474502
"Row81","70-79",326140,"VIC","Persons",2016,4474502
"Row81","80+",133756,"VIC","Persons",2016,4474502
"Row82","16-19",217207,"VIC","Persons",2017,4565595
"Row82","20-24",364588,"VIC","Persons",2017,4565595
"Row82","25-29",426492,"VIC","Persons",2017,4565595
"Row82","30-39",897943,"VIC","Persons",2017,4565595
"Row82","40-49",830253,"VIC","Persons",2017,4565595
"Row82","50-59",744291,"VIC","Persons",2017,4565595
"Row82","60-69",591258,"VIC","Persons",2017,4565595
"Row82","70-79",352149,"VIC","Persons",2017,4565595
"Row82","80+",141414,"VIC","Persons",2017,4565595
"Row83","16-19",222725,"VIC","Persons",2018,4665764
"Row83","20-24",366174,"VIC","Persons",2018,4665764
"Row83","25-29",433636,"VIC","Persons",2018,4665764
"Row83","30-39",926179,"VIC","Persons",2018,4665764
"Row83","40-49",837363,"VIC","Persons",2018,4665764
"Row83","50-59",754403,"VIC","Persons",2018,4665764
"Row83","60-69",603666,"VIC","Persons",2018,4665764
"Row83","70-79",374510,"VIC","Persons",2018,4665764
"Row83","80+",147108,"VIC","Persons",2018,4665764
"Row84","16-19",220039,"VIC","Persons",2019,4748539
"Row84","20-24",367377,"VIC","Persons",2019,4748539
"Row84","25-29",439447,"VIC","Persons",2019,4748539
"Row84","30-39",950061,"VIC","Persons",2019,4748539
"Row84","40-49",841208,"VIC","Persons",2019,4748539
"Row84","50-59",764658,"VIC","Persons",2019,4748539
"Row84","60-69",617869,"VIC","Persons",2019,4748539
"Row84","70-79",393319,"VIC","Persons",2019,4748539
"Row84","80+",154561,"VIC","Persons",2019,4748539
"Row85","16-19",197008,"VIC","Persons",2020,4807706
"Row85","20-24",364936,"VIC","Persons",2020,4807706
"Row85","25-29",443981,"VIC","Persons",2020,4807706
"Row85","30-39",970255,"VIC","Persons",2020,4807706
"Row85","40-49",847693,"VIC","Persons",2020,4807706
"Row85","50-59",775244,"VIC","Persons",2020,4807706
"Row85","60-69",630814,"VIC","Persons",2020,4807706
"Row85","70-79",413473,"VIC","Persons",2020,4807706
"Row85","80+",164302,"VIC","Persons",2020,4807706
"Row86","16-19",216731,"VIC","Persons",2021,4895143
"Row86","20-24",365357,"VIC","Persons",2021,4895143
"Row86","25-29",447786,"VIC","Persons",2021,4895143
"Row86","30-39",984567,"VIC","Persons",2021,4895143
"Row86","40-49",847784,"VIC","Persons",2021,4895143
"Row86","50-59",784459,"VIC","Persons",2021,4895143
"Row86","60-69",642837,"VIC","Persons",2021,4895143
"Row86","70-79",431769,"VIC","Persons",2021,4895143
"Row86","80+",173853,"VIC","Persons",2021,4895143
"Row87","16-19",227661,"VIC","Persons",2022,4968836
"Row87","20-24",364051,"VIC","Persons",2022,4968836
"Row87","25-29",447738,"VIC","Persons",2022,4968836
"Row87","30-39",993405,"VIC","Persons",2022,4968836
"Row87","40-49",855941,"VIC","Persons",2022,4968836
"Row87","50-59",792672,"VIC","Persons",2022,4968836
"Row87","60-69",655636,"VIC","Persons",2022,4968836
"Row87","70-79",447064,"VIC","Persons",2022,4968836
"Row87","80+",184668,"VIC","Persons",2022,4968836
"Row88","16-19",243156,"VIC","Persons",2023,5097911
"Row88","20-24",374920,"VIC","Persons",2023,5097911
"Row88","25-29",457926,"VIC","Persons",2023,5097911
"Row88","30-39",1017393,"VIC","Persons",2023,5097911
"Row88","40-49",876143,"VIC","Persons",2023,5097911
"Row88","50-59",800096,"VIC","Persons",2023,5097911
"Row88","60-69",670179,"VIC","Persons",2023,5097911
"Row88","70-79",464058,"VIC","Persons",2023,5097911
"Row88","80+",194040,"VIC","Persons",2023,5097911
"Row89","16-19",255932,"VIC","Persons",2024,5260408
"Row89","20-24",392366,"VIC","Persons",2024,5260408
"Row89","25-29",476429,"VIC","Persons",2024,5260408
"Row89","30-39",1053080,"VIC","Persons",2024,5260408
"Row89","40-49",902590,"VIC","Persons",2024,5260408
"Row89","50-59",808374,"VIC","Persons",2024,5260408
"Row89","60-69",685182,"VIC","Persons",2024,5260408
"Row89","70-79",479282,"VIC","Persons",2024,5260408
"Row89","80+",207173,"VIC","Persons",2024,5260408
"Row90","16-19",93039,"QLD","Female",2010,1519454
"Row90","20-24",132299,"QLD","Female",2010,1519454
"Row90","25-29",142416,"QLD","Female",2010,1519454
"Row90","30-39",293772,"QLD","Female",2010,1519454
"Row90","40-49",298476,"QLD","Female",2010,1519454
"Row90","50-59",260418,"QLD","Female",2010,1519454
"Row90","60-69",187206,"QLD","Female",2010,1519454
"Row90","70-79",85623,"QLD","Female",2010,1519454
"Row90","80+",26205,"QLD","Female",2010,1519454
"Row91","16-19",94553,"QLD","Female",2011,1568918
"Row91","20-24",135325,"QLD","Female",2011,1568918
"Row91","25-29",147302,"QLD","Female",2011,1568918
"Row91","30-39",298109,"QLD","Female",2011,1568918
"Row91","40-49",307090,"QLD","Female",2011,1568918
"Row91","50-59",269114,"QLD","Female",2011,1568918
"Row91","60-69",197947,"QLD","Female",2011,1568918
"Row91","70-79",90744,"QLD","Female",2011,1568918
"Row91","80+",28734,"QLD","Female",2011,1568918
"Row92","16-19",93614,"QLD","Female",2012,1601868
"Row92","20-24",136149,"QLD","Female",2012,1601868
"Row92","25-29",148254,"QLD","Female",2012,1601868
"Row92","30-39",298259,"QLD","Female",2012,1601868
"Row92","40-49",311710,"QLD","Female",2012,1601868
"Row92","50-59",277259,"QLD","Female",2012,1601868
"Row92","60-69",207584,"QLD","Female",2012,1601868
"Row92","70-79",97747,"QLD","Female",2012,1601868
"Row92","80+",31292,"QLD","Female",2012,1601868
"Row93","16-19",95254,"QLD","Female",2013,1640470
"Row93","20-24",139032,"QLD","Female",2013,1640470
"Row93","25-29",149712,"QLD","Female",2013,1640470
"Row93","30-39",302964,"QLD","Female",2013,1640470
"Row93","40-49",316032,"QLD","Female",2013,1640470
"Row93","50-59",284082,"QLD","Female",2013,1640470
"Row93","60-69",216522,"QLD","Female",2013,1640470
"Row93","70-79",103355,"QLD","Female",2013,1640470
"Row93","80+",33517,"QLD","Female",2013,1640470
"Row94","16-19",95689,"QLD","Female",2014,1649823
"Row94","20-24",138142,"QLD","Female",2014,1649823
"Row94","25-29",146726,"QLD","Female",2014,1649823
"Row94","30-39",301129,"QLD","Female",2014,1649823
"Row94","40-49",314733,"QLD","Female",2014,1649823
"Row94","50-59",286496,"QLD","Female",2014,1649823
"Row94","60-69",221341,"QLD","Female",2014,1649823
"Row94","70-79",109817,"QLD","Female",2014,1649823
"Row94","80+",35750,"QLD","Female",2014,1649823
"Row95","16-19",96770,"QLD","Female",2015,1678350
"Row95","20-24",139252,"QLD","Female",2015,1678350
"Row95","25-29",147566,"QLD","Female",2015,1678350
"Row95","30-39",305423,"QLD","Female",2015,1678350
"Row95","40-49",317081,"QLD","Female",2015,1678350
"Row95","50-59",290502,"QLD","Female",2015,1678350
"Row95","60-69",228135,"QLD","Female",2015,1678350
"Row95","70-79",117610,"QLD","Female",2015,1678350
"Row95","80+",36010,"QLD","Female",2015,1678350
"Row96","16-19",97836,"QLD","Female",2016,1717209
"Row96","20-24",140690,"QLD","Female",2016,1717209
"Row96","25-29",150590,"QLD","Female",2016,1717209
"Row96","30-39",313026,"QLD","Female",2016,1717209
"Row96","40-49",321161,"QLD","Female",2016,1717209
"Row96","50-59",294677,"QLD","Female",2016,1717209
"Row96","60-69",235607,"QLD","Female",2016,1717209
"Row96","70-79",125489,"QLD","Female",2016,1717209
"Row96","80+",38133,"QLD","Female",2016,1717209
"Row97","16-19",99089,"QLD","Female",2017,1756773
"Row97","20-24",141822,"QLD","Female",2017,1756773
"Row97","25-29",154123,"QLD","Female",2017,1756773
"Row97","30-39",320237,"QLD","Female",2017,1756773
"Row97","40-49",324548,"QLD","Female",2017,1756773
"Row97","50-59",298939,"QLD","Female",2017,1756773
"Row97","60-69",239644,"QLD","Female",2017,1756773
"Row97","70-79",137096,"QLD","Female",2017,1756773
"Row97","80+",41275,"QLD","Female",2017,1756773
"Row98","16-19",103497,"QLD","Female",2018,1797380
"Row98","20-24",143387,"QLD","Female",2018,1797380
"Row98","25-29",156619,"QLD","Female",2018,1797380
"Row98","30-39",326865,"QLD","Female",2018,1797380
"Row98","40-49",327863,"QLD","Female",2018,1797380
"Row98","50-59",302313,"QLD","Female",2018,1797380
"Row98","60-69",245796,"QLD","Female",2018,1797380
"Row98","70-79",146916,"QLD","Female",2018,1797380
"Row98","80+",44124,"QLD","Female",2018,1797380
"Row99","16-19",101761,"QLD","Female",2019,1830754
"Row99","20-24",143845,"QLD","Female",2019,1830754
"Row99","25-29",158279,"QLD","Female",2019,1830754
"Row99","30-39",334045,"QLD","Female",2019,1830754
"Row99","40-49",329934,"QLD","Female",2019,1830754
"Row99","50-59",306705,"QLD","Female",2019,1830754
"Row99","60-69",252434,"QLD","Female",2019,1830754
"Row99","70-79",156322,"QLD","Female",2019,1830754
"Row99","80+",47429,"QLD","Female",2019,1830754
"Row100","16-19",103730,"QLD","Female",2020,1874857
"Row100","20-24",145962,"QLD","Female",2020,1874857
"Row100","25-29",160716,"QLD","Female",2020,1874857
"Row100","30-39",343548,"QLD","Female",2020,1874857
"Row100","40-49",333499,"QLD","Female",2020,1874857
"Row100","50-59",312503,"QLD","Female",2020,1874857
"Row100","60-69",258884,"QLD","Female",2020,1874857
"Row100","70-79",165880,"QLD","Female",2020,1874857
"Row100","80+",50135,"QLD","Female",2020,1874857
"Row101","16-19",106317,"QLD","Female",2021,1922138
"Row101","20-24",149224,"QLD","Female",2021,1922138
"Row101","25-29",163078,"QLD","Female",2021,1922138
"Row101","30-39",352118,"QLD","Female",2021,1922138
"Row101","40-49",335323,"QLD","Female",2021,1922138
"Row101","50-59",319486,"QLD","Female",2021,1922138
"Row101","60-69",267152,"QLD","Female",2021,1922138
"Row101","70-79",175838,"QLD","Female",2021,1922138
"Row101","80+",53602,"QLD","Female",2021,1922138
"Row102","16-19",109166,"QLD","Female",2022,1968249
"Row102","20-24",151169,"QLD","Female",2022,1968249
"Row102","25-29",164543,"QLD","Female",2022,1968249
"Row102","30-39",359620,"QLD","Female",2022,1968249
"Row102","40-49",339284,"QLD","Female",2022,1968249
"Row102","50-59",325990,"QLD","Female",2022,1968249
"Row102","60-69",275631,"QLD","Female",2022,1968249
"Row102","70-79",184690,"QLD","Female",2022,1968249
"Row102","80+",58156,"QLD","Female",2022,1968249
"Row103","16-19",113803,"QLD","Female",2023,2008761
"Row103","20-24",152270,"QLD","Female",2023,2008761
"Row103","25-29",165806,"QLD","Female",2023,2008761
"Row103","30-39",363897,"QLD","Female",2023,2008761
"Row103","40-49",344430,"QLD","Female",2023,2008761
"Row103","50-59",330442,"QLD","Female",2023,2008761
"Row103","60-69",283022,"QLD","Female",2023,2008761
"Row103","70-79",192974,"QLD","Female",2023,2008761
"Row103","80+",62117,"QLD","Female",2023,2008761
"Row104","16-19",119327,"QLD","Female",2024,2058800
"Row104","20-24",154612,"QLD","Female",2024,2058800
"Row104","25-29",169238,"QLD","Female",2024,2058800
"Row104","30-39",371114,"QLD","Female",2024,2058800
"Row104","40-49",352831,"QLD","Female",2024,2058800
"Row104","50-59",334893,"QLD","Female",2024,2058800
"Row104","60-69",289638,"QLD","Female",2024,2058800
"Row104","70-79",199721,"QLD","Female",2024,2058800
"Row104","80+",67426,"QLD","Female",2024,2058800
"Row105","16-19",96949,"QLD","Male",2010,1612887
"Row105","20-24",135188,"QLD","Male",2010,1612887
"Row105","25-29",148533,"QLD","Male",2010,1612887
"Row105","30-39",300453,"QLD","Male",2010,1612887
"Row105","40-49",305891,"QLD","Male",2010,1612887
"Row105","50-59",271547,"QLD","Male",2010,1612887
"Row105","60-69",209880,"QLD","Male",2010,1612887
"Row105","70-79",105119,"QLD","Male",2010,1612887
"Row105","80+",39327,"QLD","Male",2010,1612887
"Row106","16-19",98754,"QLD","Male",2011,1672021
"Row106","20-24",140007,"QLD","Male",2011,1672021
"Row106","25-29",155769,"QLD","Male",2011,1672021
"Row106","30-39",308402,"QLD","Male",2011,1672021
"Row106","40-49",316609,"QLD","Male",2011,1672021
"Row106","50-59",280258,"QLD","Male",2011,1672021
"Row106","60-69",219737,"QLD","Male",2011,1672021
"Row106","70-79",110136,"QLD","Male",2011,1672021
"Row106","80+",42349,"QLD","Male",2011,1672021
"Row107","16-19",97569,"QLD","Male",2012,1699136
"Row107","20-24",139312,"QLD","Male",2012,1699136
"Row107","25-29",155589,"QLD","Male",2012,1699136
"Row107","30-39",308626,"QLD","Male",2012,1699136
"Row107","40-49",320873,"QLD","Male",2012,1699136
"Row107","50-59",286986,"QLD","Male",2012,1699136
"Row107","60-69",228101,"QLD","Male",2012,1699136
"Row107","70-79",116553,"QLD","Male",2012,1699136
"Row107","80+",45527,"QLD","Male",2012,1699136
"Row108","16-19",97514,"QLD","Male",2013,1734354
"Row108","20-24",142117,"QLD","Male",2013,1734354
"Row108","25-29",157590,"QLD","Male",2013,1734354
"Row108","30-39",313499,"QLD","Male",2013,1734354
"Row108","40-49",325075,"QLD","Male",2013,1734354
"Row108","50-59",293339,"QLD","Male",2013,1734354
"Row108","60-69",236053,"QLD","Male",2013,1734354
"Row108","70-79",121277,"QLD","Male",2013,1734354
"Row108","80+",47890,"QLD","Male",2013,1734354
"Row109","16-19",96958,"QLD","Male",2014,1734448
"Row109","20-24",141315,"QLD","Male",2014,1734448
"Row109","25-29",153301,"QLD","Male",2014,1734448
"Row109","30-39",309645,"QLD","Male",2014,1734448
"Row109","40-49",322040,"QLD","Male",2014,1734448
"Row109","50-59",295354,"QLD","Male",2014,1734448
"Row109","60-69",238600,"QLD","Male",2014,1734448
"Row109","70-79",127248,"QLD","Male",2014,1734448
"Row109","80+",49987,"QLD","Male",2014,1734448
"Row110","16-19",97176,"QLD","Male",2015,1753821
"Row110","20-24",142628,"QLD","Male",2015,1753821
"Row110","25-29",152981,"QLD","Male",2015,1753821
"Row110","30-39",312395,"QLD","Male",2015,1753821
"Row110","40-49",323433,"QLD","Male",2015,1753821
"Row110","50-59",298649,"QLD","Male",2015,1753821
"Row110","60-69",243220,"QLD","Male",2015,1753821
"Row110","70-79",134572,"QLD","Male",2015,1753821
"Row110","80+",48767,"QLD","Male",2015,1753821
"Row111","16-19",98832,"QLD","Male",2016,1788497
"Row111","20-24",144309,"QLD","Male",2016,1788497
"Row111","25-29",155570,"QLD","Male",2016,1788497
"Row111","30-39",318931,"QLD","Male",2016,1788497
"Row111","40-49",326575,"QLD","Male",2016,1788497
"Row111","50-59",301972,"QLD","Male",2016,1788497
"Row111","60-69",249033,"QLD","Male",2016,1788497
"Row111","70-79",141965,"QLD","Male",2016,1788497
"Row111","80+",51310,"QLD","Male",2016,1788497
"Row112","16-19",100398,"QLD","Male",2017,1824063
"Row112","20-24",146206,"QLD","Male",2017,1824063
"Row112","25-29",158194,"QLD","Male",2017,1824063
"Row112","30-39",325190,"QLD","Male",2017,1824063
"Row112","40-49",329186,"QLD","Male",2017,1824063
"Row112","50-59",305666,"QLD","Male",2017,1824063
"Row112","60-69",251404,"QLD","Male",2017,1824063
"Row112","70-79",153264,"QLD","Male",2017,1824063
"Row112","80+",54555,"QLD","Male",2017,1824063
"Row113","16-19",105133,"QLD","Male",2018,1860263
"Row113","20-24",147522,"QLD","Male",2018,1860263
"Row113","25-29",160839,"QLD","Male",2018,1860263
"Row113","30-39",331231,"QLD","Male",2018,1860263
"Row113","40-49",330664,"QLD","Male",2018,1860263
"Row113","50-59",309335,"QLD","Male",2018,1860263
"Row113","60-69",255419,"QLD","Male",2018,1860263
"Row113","70-79",162698,"QLD","Male",2018,1860263
"Row113","80+",57422,"QLD","Male",2018,1860263
"Row114","16-19",103082,"QLD","Male",2019,1889012
"Row114","20-24",147215,"QLD","Male",2019,1889012
"Row114","25-29",163417,"QLD","Male",2019,1889012
"Row114","30-39",337367,"QLD","Male",2019,1889012
"Row114","40-49",332002,"QLD","Male",2019,1889012
"Row114","50-59",313025,"QLD","Male",2019,1889012
"Row114","60-69",260210,"QLD","Male",2019,1889012
"Row114","70-79",171489,"QLD","Male",2019,1889012
"Row114","80+",61205,"QLD","Male",2019,1889012
"Row115","16-19",105052,"QLD","Male",2020,1931540
"Row115","20-24",149992,"QLD","Male",2020,1931540
"Row115","25-29",166612,"QLD","Male",2020,1931540
"Row115","30-39",346485,"QLD","Male",2020,1931540
"Row115","40-49",336029,"QLD","Male",2020,1931540
"Row115","50-59",318393,"QLD","Male",2020,1931540
"Row115","60-69",265968,"QLD","Male",2020,1931540
"Row115","70-79",179843,"QLD","Male",2020,1931540
"Row115","80+",63166,"QLD","Male",2020,1931540
"Row116","16-19",108028,"QLD","Male",2021,1966847
"Row116","20-24",151715,"QLD","Male",2021,1966847
"Row116","25-29",167404,"QLD","Male",2021,1966847
"Row116","30-39",350958,"QLD","Male",2021,1966847
"Row116","40-49",336241,"QLD","Male",2021,1966847
"Row116","50-59",324349,"QLD","Male",2021,1966847
"Row116","60-69",272581,"QLD","Male",2021,1966847
"Row116","70-79",188482,"QLD","Male",2021,1966847
"Row116","80+",67089,"QLD","Male",2021,1966847
"Row117","16-19",110829,"QLD","Male",2022,2004888
"Row117","20-24",153158,"QLD","Male",2022,2004888
"Row117","25-29",167736,"QLD","Male",2022,2004888
"Row117","30-39",355424,"QLD","Male",2022,2004888
"Row117","40-49",339782,"QLD","Male",2022,2004888
"Row117","50-59",330142,"QLD","Male",2022,2004888
"Row117","60-69",279798,"QLD","Male",2022,2004888
"Row117","70-79",196401,"QLD","Male",2022,2004888
"Row117","80+",71618,"QLD","Male",2022,2004888
"Row118","16-19",116554,"QLD","Male",2023,2042962
"Row118","20-24",155177,"QLD","Male",2023,2042962
"Row118","25-29",168903,"QLD","Male",2023,2042962
"Row118","30-39",359210,"QLD","Male",2023,2042962
"Row118","40-49",343798,"QLD","Male",2023,2042962
"Row118","50-59",333972,"QLD","Male",2023,2042962
"Row118","60-69",286412,"QLD","Male",2023,2042962
"Row118","70-79",203708,"QLD","Male",2023,2042962
"Row118","80+",75228,"QLD","Male",2023,2042962
"Row119","16-19",123238,"QLD","Male",2024,2096150
"Row119","20-24",159803,"QLD","Male",2024,2096150
"Row119","25-29",173322,"QLD","Male",2024,2096150
"Row119","30-39",368228,"QLD","Male",2024,2096150
"Row119","40-49",351290,"QLD","Male",2024,2096150
"Row119","50-59",337954,"QLD","Male",2024,2096150
"Row119","60-69",292834,"QLD","Male",2024,2096150
"Row119","70-79",208696,"QLD","Male",2024,2096150
"Row119","80+",80785,"QLD","Male",2024,2096150
"Row120","16-19",189988,"QLD","Persons",2010,3132341
"Row120","20-24",267487,"QLD","Persons",2010,3132341
"Row120","25-29",290949,"QLD","Persons",2010,3132341
"Row120","30-39",594225,"QLD","Persons",2010,3132341
"Row120","40-49",604367,"QLD","Persons",2010,3132341
"Row120","50-59",531965,"QLD","Persons",2010,3132341
"Row120","60-69",397086,"QLD","Persons",2010,3132341
"Row120","70-79",190742,"QLD","Persons",2010,3132341
"Row120","80+",65532,"QLD","Persons",2010,3132341
"Row121","16-19",193307,"QLD","Persons",2011,3240939
"Row121","20-24",275332,"QLD","Persons",2011,3240939
"Row121","25-29",303071,"QLD","Persons",2011,3240939
"Row121","30-39",606511,"QLD","Persons",2011,3240939
"Row121","40-49",623699,"QLD","Persons",2011,3240939
"Row121","50-59",549372,"QLD","Persons",2011,3240939
"Row121","60-69",417684,"QLD","Persons",2011,3240939
"Row121","70-79",200880,"QLD","Persons",2011,3240939
"Row121","80+",71083,"QLD","Persons",2011,3240939
"Row122","16-19",191183,"QLD","Persons",2012,3301004
"Row122","20-24",275461,"QLD","Persons",2012,3301004
"Row122","25-29",303843,"QLD","Persons",2012,3301004
"Row122","30-39",606885,"QLD","Persons",2012,3301004
"Row122","40-49",632583,"QLD","Persons",2012,3301004
"Row122","50-59",564245,"QLD","Persons",2012,3301004
"Row122","60-69",435685,"QLD","Persons",2012,3301004
"Row122","70-79",214300,"QLD","Persons",2012,3301004
"Row122","80+",76819,"QLD","Persons",2012,3301004
"Row123","16-19",192768,"QLD","Persons",2013,3374824
"Row123","20-24",281149,"QLD","Persons",2013,3374824
"Row123","25-29",307302,"QLD","Persons",2013,3374824
"Row123","30-39",616463,"QLD","Persons",2013,3374824
"Row123","40-49",641107,"QLD","Persons",2013,3374824
"Row123","50-59",577421,"QLD","Persons",2013,3374824
"Row123","60-69",452575,"QLD","Persons",2013,3374824
"Row123","70-79",224632,"QLD","Persons",2013,3374824
"Row123","80+",81407,"QLD","Persons",2013,3374824
"Row124","16-19",192647,"QLD","Persons",2014,3384271
"Row124","20-24",279457,"QLD","Persons",2014,3384271
"Row124","25-29",300027,"QLD","Persons",2014,3384271
"Row124","30-39",610774,"QLD","Persons",2014,3384271
"Row124","40-49",636773,"QLD","Persons",2014,3384271
"Row124","50-59",581850,"QLD","Persons",2014,3384271
"Row124","60-69",459941,"QLD","Persons",2014,3384271
"Row124","70-79",237065,"QLD","Persons",2014,3384271
"Row124","80+",85737,"QLD","Persons",2014,3384271
"Row125","16-19",193946,"QLD","Persons",2015,3432171
"Row125","20-24",281880,"QLD","Persons",2015,3432171
"Row125","25-29",300547,"QLD","Persons",2015,3432171
"Row125","30-39",617818,"QLD","Persons",2015,3432171
"Row125","40-49",640514,"QLD","Persons",2015,3432171
"Row125","50-59",589151,"QLD","Persons",2015,3432171
"Row125","60-69",471355,"QLD","Persons",2015,3432171
"Row125","70-79",252182,"QLD","Persons",2015,3432171
"Row125","80+",84777,"QLD","Persons",2015,3432171
"Row126","16-19",196668,"QLD","Persons",2016,3505706
"Row126","20-24",284999,"QLD","Persons",2016,3505706
"Row126","25-29",306160,"QLD","Persons",2016,3505706
"Row126","30-39",631957,"QLD","Persons",2016,3505706
"Row126","40-49",647736,"QLD","Persons",2016,3505706
"Row126","50-59",596649,"QLD","Persons",2016,3505706
"Row126","60-69",484640,"QLD","Persons",2016,3505706
"Row126","70-79",267454,"QLD","Persons",2016,3505706
"Row126","80+",89443,"QLD","Persons",2016,3505706
"Row127","16-19",199487,"QLD","Persons",2017,3580836
"Row127","20-24",288028,"QLD","Persons",2017,3580836
"Row127","25-29",312317,"QLD","Persons",2017,3580836
"Row127","30-39",645427,"QLD","Persons",2017,3580836
"Row127","40-49",653734,"QLD","Persons",2017,3580836
"Row127","50-59",604605,"QLD","Persons",2017,3580836
"Row127","60-69",491048,"QLD","Persons",2017,3580836
"Row127","70-79",290360,"QLD","Persons",2017,3580836
"Row127","80+",95830,"QLD","Persons",2017,3580836
"Row128","16-19",208630,"QLD","Persons",2018,3657643
"Row128","20-24",290909,"QLD","Persons",2018,3657643
"Row128","25-29",317458,"QLD","Persons",2018,3657643
"Row128","30-39",658096,"QLD","Persons",2018,3657643
"Row128","40-49",658527,"QLD","Persons",2018,3657643
"Row128","50-59",611648,"QLD","Persons",2018,3657643
"Row128","60-69",501215,"QLD","Persons",2018,3657643
"Row128","70-79",309614,"QLD","Persons",2018,3657643
"Row128","80+",101546,"QLD","Persons",2018,3657643
"Row129","16-19",204843,"QLD","Persons",2019,3719766
"Row129","20-24",291060,"QLD","Persons",2019,3719766
"Row129","25-29",321696,"QLD","Persons",2019,3719766
"Row129","30-39",671412,"QLD","Persons",2019,3719766
"Row129","40-49",661936,"QLD","Persons",2019,3719766
"Row129","50-59",619730,"QLD","Persons",2019,3719766
"Row129","60-69",512644,"QLD","Persons",2019,3719766
"Row129","70-79",327811,"QLD","Persons",2019,3719766
"Row129","80+",108634,"QLD","Persons",2019,3719766
"Row130","16-19",208782,"QLD","Persons",2020,3806397
"Row130","20-24",295954,"QLD","Persons",2020,3806397
"Row130","25-29",327328,"QLD","Persons",2020,3806397
"Row130","30-39",690033,"QLD","Persons",2020,3806397
"Row130","40-49",669528,"QLD","Persons",2020,3806397
"Row130","50-59",630896,"QLD","Persons",2020,3806397
"Row130","60-69",524852,"QLD","Persons",2020,3806397
"Row130","70-79",345723,"QLD","Persons",2020,3806397
"Row130","80+",113301,"QLD","Persons",2020,3806397
"Row131","16-19",214345,"QLD","Persons",2021,3888986
"Row131","20-24",300939,"QLD","Persons",2021,3888986
"Row131","25-29",330482,"QLD","Persons",2021,3888986
"Row131","30-39",703077,"QLD","Persons",2021,3888986
"Row131","40-49",671564,"QLD","Persons",2021,3888986
"Row131","50-59",643835,"QLD","Persons",2021,3888986
"Row131","60-69",539733,"QLD","Persons",2021,3888986
"Row131","70-79",364320,"QLD","Persons",2021,3888986
"Row131","80+",120691,"QLD","Persons",2021,3888986
"Row132","16-19",219995,"QLD","Persons",2022,3973138
"Row132","20-24",304327,"QLD","Persons",2022,3973138
"Row132","25-29",332279,"QLD","Persons",2022,3973138
"Row132","30-39",715044,"QLD","Persons",2022,3973138
"Row132","40-49",679067,"QLD","Persons",2022,3973138
"Row132","50-59",656132,"QLD","Persons",2022,3973138
"Row132","60-69",555429,"QLD","Persons",2022,3973138
"Row132","70-79",381091,"QLD","Persons",2022,3973138
"Row132","80+",129774,"QLD","Persons",2022,3973138
"Row133","16-19",230357,"QLD","Persons",2023,4051724
"Row133","20-24",307447,"QLD","Persons",2023,4051724
"Row133","25-29",334709,"QLD","Persons",2023,4051724
"Row133","30-39",723108,"QLD","Persons",2023,4051724
"Row133","40-49",688228,"QLD","Persons",2023,4051724
"Row133","50-59",664414,"QLD","Persons",2023,4051724
"Row133","60-69",569434,"QLD","Persons",2023,4051724
"Row133","70-79",396682,"QLD","Persons",2023,4051724
"Row133","80+",137345,"QLD","Persons",2023,4051724
"Row134","16-19",242566,"QLD","Persons",2024,4154952
"Row134","20-24",314415,"QLD","Persons",2024,4154952
"Row134","25-29",342560,"QLD","Persons",2024,4154952
"Row134","30-39",739343,"QLD","Persons",2024,4154952
"Row134","40-49",704121,"QLD","Persons",2024,4154952
"Row134","50-59",672847,"QLD","Persons",2024,4154952
"Row134","60-69",582472,"QLD","Persons",2024,4154952
"Row134","70-79",408417,"QLD","Persons",2024,4154952
"Row134","80+",148211,"QLD","Persons",2024,4154952
"Row135","16-19",32569,"SA","Female",2010,544966
"Row135","20-24",44088,"SA","Female",2010,544966
"Row135","25-29",45925,"SA","Female",2010,544966
"Row135","30-39",94811,"SA","Female",2010,544966
"Row135","40-49",106125,"SA","Female",2010,544966
"Row135","50-59",99565,"SA","Female",2010,544966
"Row135","60-69",72861,"SA","Female",2010,544966
"Row135","70-79",35314,"SA","Female",2010,544966
"Row135","80+",13708,"SA","Female",2010,544966
"Row136","16-19",32434,"SA","Female",2011,550336
"Row136","20-24",44430,"SA","Female",2011,550336
"Row136","25-29",46939,"SA","Female",2011,550336
"Row136","30-39",93918,"SA","Female",2011,550336
"Row136","40-49",106017,"SA","Female",2011,550336
"Row136","50-59",100558,"SA","Female",2011,550336
"Row136","60-69",76144,"SA","Female",2011,550336
"Row136","70-79",35929,"SA","Female",2011,550336
"Row136","80+",13967,"SA","Female",2011,550336
"Row137","16-19",31889,"SA","Female",2012,557545
"Row137","20-24",44671,"SA","Female",2012,557545
"Row137","25-29",47536,"SA","Female",2012,557545
"Row137","30-39",93976,"SA","Female",2012,557545
"Row137","40-49",106366,"SA","Female",2012,557545
"Row137","50-59",101726,"SA","Female",2012,557545
"Row137","60-69",79185,"SA","Female",2012,557545
"Row137","70-79",37841,"SA","Female",2012,557545
"Row137","80+",14355,"SA","Female",2012,557545
"Row138","16-19",31954,"SA","Female",2013,572472
"Row138","20-24",46009,"SA","Female",2013,572472
"Row138","25-29",48541,"SA","Female",2013,572472
"Row138","30-39",95431,"SA","Female",2013,572472
"Row138","40-49",107309,"SA","Female",2013,572472
"Row138","50-59",103706,"SA","Female",2013,572472
"Row138","60-69",83256,"SA","Female",2013,572472
"Row138","70-79",40661,"SA","Female",2013,572472
"Row138","80+",15605,"SA","Female",2013,572472
"Row139","16-19",31678,"SA","Female",2014,579804
"Row139","20-24",46325,"SA","Female",2014,579804
"Row139","25-29",48299,"SA","Female",2014,579804
"Row139","30-39",96716,"SA","Female",2014,579804
"Row139","40-49",106450,"SA","Female",2014,579804
"Row139","50-59",105093,"SA","Female",2014,579804
"Row139","60-69",86145,"SA","Female",2014,579804
"Row139","70-79",43074,"SA","Female",2014,579804
"Row139","80+",16024,"SA","Female",2014,579804
"Row140","16-19",31371,"SA","Female",2015,586205
"Row140","20-24",46291,"SA","Female",2015,586205
"Row140","25-29",48317,"SA","Female",2015,586205
"Row140","30-39",97818,"SA","Female",2015,586205
"Row140","40-49",105528,"SA","Female",2015,586205
"Row140","50-59",105761,"SA","Female",2015,586205
"Row140","60-69",88307,"SA","Female",2015,586205
"Row140","70-79",46172,"SA","Female",2015,586205
"Row140","80+",16640,"SA","Female",2015,586205
"Row141","16-19",31549,"SA","Female",2016,594494
"Row141","20-24",46375,"SA","Female",2016,594494
"Row141","25-29",48661,"SA","Female",2016,594494
"Row141","30-39",99912,"SA","Female",2016,594494
"Row141","40-49",104744,"SA","Female",2016,594494
"Row141","50-59",106189,"SA","Female",2016,594494
"Row141","60-69",90633,"SA","Female",2016,594494
"Row141","70-79",53095.3175136807,"SA","Female",2016,594494
"Row141","80+",18524.6824863193,"SA","Female",2016,594494
"Row142","16-19",31148,"SA","Female",2017,601637
"Row142","20-24",46240,"SA","Female",2017,601637
"Row142","25-29",48904,"SA","Female",2017,601637
"Row142","30-39",101757,"SA","Female",2017,601637
"Row142","40-49",104362,"SA","Female",2017,601637
"Row142","50-59",106258,"SA","Female",2017,601637
"Row142","60-69",91336,"SA","Female",2017,601637
"Row142","70-79",53553,"SA","Female",2017,601637
"Row142","80+",18079,"SA","Female",2017,601637
"Row143","16-19",31349,"SA","Female",2018,609474
"Row143","20-24",46227,"SA","Female",2018,609474
"Row143","25-29",49162,"SA","Female",2018,609474
"Row143","30-39",103653,"SA","Female",2018,609474
"Row143","40-49",103787,"SA","Female",2018,609474
"Row143","50-59",106447,"SA","Female",2018,609474
"Row143","60-69",92746,"SA","Female",2018,609474
"Row143","70-79",57113,"SA","Female",2018,609474
"Row143","80+",18990,"SA","Female",2018,609474
"Row144","16-19",30759,"SA","Female",2019,615923
"Row144","20-24",46154,"SA","Female",2019,615923
"Row144","25-29",49501,"SA","Female",2019,615923
"Row144","30-39",105290,"SA","Female",2019,615923
"Row144","40-49",102865,"SA","Female",2019,615923
"Row144","50-59",106453,"SA","Female",2019,615923
"Row144","60-69",94562,"SA","Female",2019,615923
"Row144","70-79",60292,"SA","Female",2019,615923
"Row144","80+",20047,"SA","Female",2019,615923
"Row145","16-19",29946,"SA","Female",2020,622733
"Row145","20-24",45879,"SA","Female",2020,622733
"Row145","25-29",49619,"SA","Female",2020,622733
"Row145","30-39",107025,"SA","Female",2020,622733
"Row145","40-49",102413,"SA","Female",2020,622733
"Row145","50-59",106597,"SA","Female",2020,622733
"Row145","60-69",96386,"SA","Female",2020,622733
"Row145","70-79",63687.8762244987,"SA","Female",2020,622733
"Row145","80+",42909.1237755013,"SA","Female",2020,622733
"Row146","16-19",31309,"SA","Female",2021,634783
"Row146","20-24",46466,"SA","Female",2021,634783
"Row146","25-29",50901,"SA","Female",2021,634783
"Row146","30-39",109473,"SA","Female",2021,634783
"Row146","40-49",102223,"SA","Female",2021,634783
"Row146","50-59",107099,"SA","Female",2021,634783
"Row146","60-69",98093,"SA","Female",2021,634783
"Row146","70-79",66837,"SA","Female",2021,634783
"Row146","80+",22382,"SA","Female",2021,634783
"Row147","16-19",32745,"SA","Female",2022,652678
"Row147","20-24",46759,"SA","Female",2022,652678
"Row147","25-29",52736,"SA","Female",2022,652678
"Row147","30-39",113528,"SA","Female",2022,652678
"Row147","40-49",103356,"SA","Female",2022,652678
"Row147","50-59",108017,"SA","Female",2022,652678
"Row147","60-69",100462,"SA","Female",2022,652678
"Row147","70-79",71213,"SA","Female",2022,652678
"Row147","80+",23862,"SA","Female",2022,652678
"Row148","16-19",33561,"SA","Female",2023,658069
"Row148","20-24",46553,"SA","Female",2023,658069
"Row148","25-29",53110,"SA","Female",2023,658069
"Row148","30-39",114417,"SA","Female",2023,658069
"Row148","40-49",104409,"SA","Female",2023,658069
"Row148","50-59",107775,"SA","Female",2023,658069
"Row148","60-69",101056,"SA","Female",2023,658069
"Row148","70-79",72611,"SA","Female",2023,658069
"Row148","80+",24577,"SA","Female",2023,658069
"Row149","16-19",34850,"SA","Female",2024,668985
"Row149","20-24",46684,"SA","Female",2024,668985
"Row149","25-29",53321,"SA","Female",2024,668985
"Row149","30-39",116317,"SA","Female",2024,668985
"Row149","40-49",106635,"SA","Female",2024,668985
"Row149","50-59",107250,"SA","Female",2024,668985
"Row149","60-69",102475,"SA","Female",2024,668985
"Row149","70-79",75182,"SA","Female",2024,668985
"Row149","80+",26271,"SA","Female",2024,668985
"Row150","16-19",34346,"SA","Male",2010,585954
"Row150","20-24",46014,"SA","Male",2010,585954
"Row150","25-29",48384,"SA","Male",2010,585954
"Row150","30-39",98330,"SA","Male",2010,585954
"Row150","40-49",110336,"SA","Male",2010,585954
"Row150","50-59",103646,"SA","Male",2010,585954
"Row150","60-69",81359,"SA","Male",2010,585954
"Row150","70-79",44366,"SA","Male",2010,585954
"Row150","80+",19173,"SA","Male",2010,585954
"Row151","16-19",34226,"SA","Male",2011,588377
"Row151","20-24",46758,"SA","Male",2011,588377
"Row151","25-29",49351,"SA","Male",2011,588377
"Row151","30-39",97669,"SA","Male",2011,588377
"Row151","40-49",109910,"SA","Male",2011,588377
"Row151","50-59",104526,"SA","Male",2011,588377
"Row151","60-69",83383,"SA","Male",2011,588377
"Row151","70-79",43750,"SA","Male",2011,588377
"Row151","80+",18804,"SA","Male",2011,588377
"Row152","16-19",33645,"SA","Male",2012,594276
"Row152","20-24",46873,"SA","Male",2012,594276
"Row152","25-29",49942,"SA","Male",2012,594276
"Row152","30-39",97933,"SA","Male",2012,594276
"Row152","40-49",110053,"SA","Male",2012,594276
"Row152","50-59",105571,"SA","Male",2012,594276
"Row152","60-69",85726,"SA","Male",2012,594276
"Row152","70-79",45382,"SA","Male",2012,594276
"Row152","80+",19151,"SA","Male",2012,594276
"Row153","16-19",33392,"SA","Male",2013,610820
"Row153","20-24",47885,"SA","Male",2013,610820
"Row153","25-29",50952,"SA","Male",2013,610820
"Row153","30-39",99905,"SA","Male",2013,610820
"Row153","40-49",110905,"SA","Male",2013,610820
"Row153","50-59",108033,"SA","Male",2013,610820
"Row153","60-69",89528,"SA","Male",2013,610820
"Row153","70-79",48624,"SA","Male",2013,610820
"Row153","80+",21596,"SA","Male",2013,610820
"Row154","16-19",33024,"SA","Male",2014,616750
"Row154","20-24",47960,"SA","Male",2014,616750
"Row154","25-29",50782,"SA","Male",2014,616750
"Row154","30-39",101102,"SA","Male",2014,616750
"Row154","40-49",110017,"SA","Male",2014,616750
"Row154","50-59",109529,"SA","Male",2014,616750
"Row154","60-69",91649,"SA","Male",2014,616750
"Row154","70-79",50632,"SA","Male",2014,616750
"Row154","80+",22055,"SA","Male",2014,616750
"Row155","16-19",32110,"SA","Male",2015,619903
"Row155","20-24",48110,"SA","Male",2015,619903
"Row155","25-29",50344,"SA","Male",2015,619903
"Row155","30-39",101727,"SA","Male",2015,619903
"Row155","40-49",108989,"SA","Male",2015,619903
"Row155","50-59",109747,"SA","Male",2015,619903
"Row155","60-69",93284,"SA","Male",2015,619903
"Row155","70-79",52953,"SA","Male",2015,619903
"Row155","80+",22639,"SA","Male",2015,619903
"Row156","16-19",32284,"SA","Male",2016,624838
"Row156","20-24",48076,"SA","Male",2016,624838
"Row156","25-29",50361,"SA","Male",2016,624838
"Row156","30-39",102775,"SA","Male",2016,624838
"Row156","40-49",107821,"SA","Male",2016,624838
"Row156","50-59",109985,"SA","Male",2016,624838
"Row156","60-69",94959,"SA","Male",2016,624838
"Row156","70-79",58629.2566163705,"SA","Male",2016,624838
"Row156","80+",24428.7433836295,"SA","Male",2016,624838
"Row157","16-19",31867,"SA","Male",2017,630240
"Row157","20-24",48385,"SA","Male",2017,630240
"Row157","25-29",50659,"SA","Male",2017,630240
"Row157","30-39",104167,"SA","Male",2017,630240
"Row157","40-49",107194,"SA","Male",2017,630240
"Row157","50-59",109884,"SA","Male",2017,630240
"Row157","60-69",94955,"SA","Male",2017,630240
"Row157","70-79",59126,"SA","Male",2017,630240
"Row157","80+",24003,"SA","Male",2017,630240
"Row158","16-19",32129,"SA","Male",2018,636243
"Row158","20-24",48498,"SA","Male",2018,636243
"Row158","25-29",51190,"SA","Male",2018,636243
"Row158","30-39",105486,"SA","Male",2018,636243
"Row158","40-49",106255,"SA","Male",2018,636243
"Row158","50-59",109658,"SA","Male",2018,636243
"Row158","60-69",95992,"SA","Male",2018,636243
"Row158","70-79",62248,"SA","Male",2018,636243
"Row158","80+",24787,"SA","Male",2018,636243
"Row159","16-19",31721,"SA","Male",2019,642293
"Row159","20-24",48958,"SA","Male",2019,642293
"Row159","25-29",51754,"SA","Male",2019,642293
"Row159","30-39",107314,"SA","Male",2019,642293
"Row159","40-49",105260,"SA","Male",2019,642293
"Row159","50-59",109442,"SA","Male",2019,642293
"Row159","60-69",97146,"SA","Male",2019,642293
"Row159","70-79",64868,"SA","Male",2019,642293
"Row159","80+",25830,"SA","Male",2019,642293
"Row160","16-19",30830,"SA","Male",2020,648760
"Row160","20-24",48798,"SA","Male",2020,648760
"Row160","25-29",52952,"SA","Male",2020,648760
"Row160","30-39",109157,"SA","Male",2020,648760
"Row160","40-49",104653,"SA","Male",2020,648760
"Row160","50-59",109448,"SA","Male",2020,648760
"Row160","60-69",98067,"SA","Male",2020,648760
"Row160","70-79",67836.8313744515,"SA","Male",2020,648760
"Row160","80+",27012.1686255485,"SA","Male",2020,648760
"Row161","16-19",32543,"SA","Male",2021,659102
"Row161","20-24",48923,"SA","Male",2021,659102
"Row161","25-29",54521,"SA","Male",2021,659102
"Row161","30-39",111365,"SA","Male",2021,659102
"Row161","40-49",104117,"SA","Male",2021,659102
"Row161","50-59",109452,"SA","Male",2021,659102
"Row161","60-69",99868,"SA","Male",2021,659102
"Row161","70-79",70735,"SA","Male",2021,659102
"Row161","80+",27578,"SA","Male",2021,659102
"Row162","16-19",33756,"SA","Male",2022,675736
"Row162","20-24",49683,"SA","Male",2022,675736
"Row162","25-29",57264,"SA","Male",2022,675736
"Row162","30-39",115418,"SA","Male",2022,675736
"Row162","40-49",105263,"SA","Male",2022,675736
"Row162","50-59",109711,"SA","Male",2022,675736
"Row162","60-69",101978,"SA","Male",2022,675736
"Row162","70-79",73958,"SA","Male",2022,675736
"Row162","80+",28705,"SA","Male",2022,675736
"Row163","16-19",34593,"SA","Male",2023,681197
"Row163","20-24",49999,"SA","Male",2023,681197
"Row163","25-29",57749,"SA","Male",2023,681197
"Row163","30-39",116660,"SA","Male",2023,681197
"Row163","40-49",105887,"SA","Male",2023,681197
"Row163","50-59",109383,"SA","Male",2023,681197
"Row163","60-69",102634,"SA","Male",2023,681197
"Row163","70-79",74938,"SA","Male",2023,681197
"Row163","80+",29354,"SA","Male",2023,681197
"Row164","16-19",36089,"SA","Male",2024,692675
"Row164","20-24",50731,"SA","Male",2024,692675
"Row164","25-29",58456,"SA","Male",2024,692675
"Row164","30-39",119092,"SA","Male",2024,692675
"Row164","40-49",108281,"SA","Male",2024,692675
"Row164","50-59",108698,"SA","Male",2024,692675
"Row164","60-69",103999,"SA","Male",2024,692675
"Row164","70-79",76692,"SA","Male",2024,692675
"Row164","80+",30637,"SA","Male",2024,692675
"Row165","16-19",66915,"SA","Persons",2010,1130920
"Row165","20-24",90102,"SA","Persons",2010,1130920
"Row165","25-29",94309,"SA","Persons",2010,1130920
"Row165","30-39",193141,"SA","Persons",2010,1130920
"Row165","40-49",216461,"SA","Persons",2010,1130920
"Row165","50-59",203211,"SA","Persons",2010,1130920
"Row165","60-69",154220,"SA","Persons",2010,1130920
"Row165","70-79",79680,"SA","Persons",2010,1130920
"Row165","80+",32881,"SA","Persons",2010,1130920
"Row166","16-19",66660,"SA","Persons",2011,1138713
"Row166","20-24",91188,"SA","Persons",2011,1138713
"Row166","25-29",96290,"SA","Persons",2011,1138713
"Row166","30-39",191587,"SA","Persons",2011,1138713
"Row166","40-49",215927,"SA","Persons",2011,1138713
"Row166","50-59",205084,"SA","Persons",2011,1138713
"Row166","60-69",159527,"SA","Persons",2011,1138713
"Row166","70-79",79679,"SA","Persons",2011,1138713
"Row166","80+",32771,"SA","Persons",2011,1138713
"Row167","16-19",65534,"SA","Persons",2012,1151821
"Row167","20-24",91544,"SA","Persons",2012,1151821
"Row167","25-29",97478,"SA","Persons",2012,1151821
"Row167","30-39",191909,"SA","Persons",2012,1151821
"Row167","40-49",216419,"SA","Persons",2012,1151821
"Row167","50-59",207297,"SA","Persons",2012,1151821
"Row167","60-69",164911,"SA","Persons",2012,1151821
"Row167","70-79",83223,"SA","Persons",2012,1151821
"Row167","80+",33506,"SA","Persons",2012,1151821
"Row168","16-19",65346,"SA","Persons",2013,1183292
"Row168","20-24",93894,"SA","Persons",2013,1183292
"Row168","25-29",99493,"SA","Persons",2013,1183292
"Row168","30-39",195336,"SA","Persons",2013,1183292
"Row168","40-49",218214,"SA","Persons",2013,1183292
"Row168","50-59",211739,"SA","Persons",2013,1183292
"Row168","60-69",172784,"SA","Persons",2013,1183292
"Row168","70-79",89285,"SA","Persons",2013,1183292
"Row168","80+",37201,"SA","Persons",2013,1183292
"Row169","16-19",64702,"SA","Persons",2014,1196554
"Row169","20-24",94285,"SA","Persons",2014,1196554
"Row169","25-29",99081,"SA","Persons",2014,1196554
"Row169","30-39",197818,"SA","Persons",2014,1196554
"Row169","40-49",216467,"SA","Persons",2014,1196554
"Row169","50-59",214622,"SA","Persons",2014,1196554
"Row169","60-69",177794,"SA","Persons",2014,1196554
"Row169","70-79",93706,"SA","Persons",2014,1196554
"Row169","80+",38079,"SA","Persons",2014,1196554
"Row170","16-19",63501,"SA","Persons",2015,1206194
"Row170","20-24",94408,"SA","Persons",2015,1206194
"Row170","25-29",98674,"SA","Persons",2015,1206194
"Row170","30-39",199566,"SA","Persons",2015,1206194
"Row170","40-49",214527,"SA","Persons",2015,1206194
"Row170","50-59",215517,"SA","Persons",2015,1206194
"Row170","60-69",181594,"SA","Persons",2015,1206194
"Row170","70-79",99128,"SA","Persons",2015,1206194
"Row170","80+",39279,"SA","Persons",2015,1206194
"Row171","16-19",63880,"SA","Persons",2016,1219494
"Row171","20-24",94469,"SA","Persons",2016,1219494
"Row171","25-29",99045,"SA","Persons",2016,1219494
"Row171","30-39",202725,"SA","Persons",2016,1219494
"Row171","40-49",212583,"SA","Persons",2016,1219494
"Row171","50-59",216185,"SA","Persons",2016,1219494
"Row171","60-69",185595,"SA","Persons",2016,1219494
"Row171","70-79",111704.989654482,"SA","Persons",2016,1219494
"Row171","80+",42980.0103455176,"SA","Persons",2016,1219494
"Row172","16-19",63081,"SA","Persons",2017,1232106
"Row172","20-24",94658,"SA","Persons",2017,1232106
"Row172","25-29",99593,"SA","Persons",2017,1232106
"Row172","30-39",205973,"SA","Persons",2017,1232106
"Row172","40-49",211581,"SA","Persons",2017,1232106
"Row172","50-59",216155,"SA","Persons",2017,1232106
"Row172","60-69",186297,"SA","Persons",2017,1232106
"Row172","70-79",112684,"SA","Persons",2017,1232106
"Row172","80+",42084,"SA","Persons",2017,1232106
"Row173","16-19",63558,"SA","Persons",2018,1246015
"Row173","20-24",94773,"SA","Persons",2018,1246015
"Row173","25-29",100387,"SA","Persons",2018,1246015
"Row173","30-39",209205,"SA","Persons",2018,1246015
"Row173","40-49",210073,"SA","Persons",2018,1246015
"Row173","50-59",216126,"SA","Persons",2018,1246015
"Row173","60-69",188749,"SA","Persons",2018,1246015
"Row173","70-79",119367,"SA","Persons",2018,1246015
"Row173","80+",43777,"SA","Persons",2018,1246015
"Row174","16-19",62480,"SA","Persons",2019,1258216
"Row174","20-24",95112,"SA","Persons",2019,1258216
"Row174","25-29",101255,"SA","Persons",2019,1258216
"Row174","30-39",212604,"SA","Persons",2019,1258216
"Row174","40-49",208125,"SA","Persons",2019,1258216
"Row174","50-59",215895,"SA","Persons",2019,1258216
"Row174","60-69",191708,"SA","Persons",2019,1258216
"Row174","70-79",125142,"SA","Persons",2019,1258216
"Row174","80+",45895,"SA","Persons",2019,1258216
"Row175","16-19",60856,"SA","Persons",2020,1271958
"Row175","20-24",94767,"SA","Persons",2020,1271958
"Row175","25-29",102635,"SA","Persons",2020,1271958
"Row175","30-39",216290,"SA","Persons",2020,1271958
"Row175","40-49",207130,"SA","Persons",2020,1271958
"Row175","50-59",216078,"SA","Persons",2020,1271958
"Row175","60-69",194470,"SA","Persons",2020,1271958
"Row175","70-79",131496.521360875,"SA","Persons",2020,1271958
"Row175","80+",48225.4786391249,"SA","Persons",2020,1271958
"Row176","16-19",63947,"SA","Persons",2021,1294479
"Row176","20-24",95510,"SA","Persons",2021,1294479
"Row176","25-29",105500,"SA","Persons",2021,1294479
"Row176","30-39",220974,"SA","Persons",2021,1294479
"Row176","40-49",206416,"SA","Persons",2021,1294479
"Row176","50-59",216602,"SA","Persons",2021,1294479
"Row176","60-69",197985,"SA","Persons",2021,1294479
"Row176","70-79",137584,"SA","Persons",2021,1294479
"Row176","80+",49961,"SA","Persons",2021,1294479
"Row177","16-19",66620,"SA","Persons",2022,1329139
"Row177","20-24",96567,"SA","Persons",2022,1329139
"Row177","25-29",110117,"SA","Persons",2022,1329139
"Row177","30-39",229102,"SA","Persons",2022,1329139
"Row177","40-49",208717,"SA","Persons",2022,1329139
"Row177","50-59",217782,"SA","Persons",2022,1329139
"Row177","60-69",202478,"SA","Persons",2022,1329139
"Row177","70-79",145187,"SA","Persons",2022,1329139
"Row177","80+",52569,"SA","Persons",2022,1329139
"Row178","16-19",68290,"SA","Persons",2023,1340060
"Row178","20-24",96690,"SA","Persons",2023,1340060
"Row178","25-29",110983,"SA","Persons",2023,1340060
"Row178","30-39",231247,"SA","Persons",2023,1340060
"Row178","40-49",210402,"SA","Persons",2023,1340060
"Row178","50-59",217217,"SA","Persons",2023,1340060
"Row178","60-69",203731,"SA","Persons",2023,1340060
"Row178","70-79",147564,"SA","Persons",2023,1340060
"Row178","80+",53936,"SA","Persons",2023,1340060
"Row179","16-19",71092,"SA","Persons",2024,1362548
"Row179","20-24",97551,"SA","Persons",2024,1362548
"Row179","25-29",111917,"SA","Persons",2024,1362548
"Row179","30-39",235620,"SA","Persons",2024,1362548
"Row179","40-49",215033,"SA","Persons",2024,1362548
"Row179","50-59",216015,"SA","Persons",2024,1362548
"Row179","60-69",206514,"SA","Persons",2024,1362548
"Row179","70-79",151892,"SA","Persons",2024,1362548
"Row179","80+",56914,"SA","Persons",2024,1362548
"Row180","16-19",22405,"WA","Female",2010,742943
"Row180","20-24",63305,"WA","Female",2010,742943
"Row180","25-29",70869,"WA","Female",2010,742943
"Row180","30-39",147316,"WA","Female",2010,742943
"Row180","40-49",153888,"WA","Female",2010,742943
"Row180","50-59",135206,"WA","Female",2010,742943
"Row180","60-69",91493,"WA","Female",2010,742943
"Row180","70-79",45146,"WA","Female",2010,742943
"Row180","80+",13315,"WA","Female",2010,742943
"Row181","16-19",21329,"WA","Female",2011,760608
"Row181","20-24",64067,"WA","Female",2011,760608
"Row181","25-29",73131,"WA","Female",2011,760608
"Row181","30-39",148221,"WA","Female",2011,760608
"Row181","40-49",156939,"WA","Female",2011,760608
"Row181","50-59",138723,"WA","Female",2011,760608
"Row181","60-69",96481,"WA","Female",2011,760608
"Row181","70-79",47350,"WA","Female",2011,760608
"Row181","80+",14367,"WA","Female",2011,760608
"Row182","16-19",20359,"WA","Female",2012,774560
"Row182","20-24",63475,"WA","Female",2012,774560
"Row182","25-29",74314,"WA","Female",2012,774560
"Row182","30-39",149324,"WA","Female",2012,774560
"Row182","40-49",158874,"WA","Female",2012,774560
"Row182","50-59",141849,"WA","Female",2012,774560
"Row182","60-69",100898,"WA","Female",2012,774560
"Row182","70-79",49970,"WA","Female",2012,774560
"Row182","80+",15497,"WA","Female",2012,774560
"Row183","16-19",48061,"WA","Female",2013,868881
"Row183","20-24",76945,"WA","Female",2013,868881
"Row183","25-29",86950,"WA","Female",2013,868881
"Row183","30-39",165115,"WA","Female",2013,868881
"Row183","40-49",167363,"WA","Female",2013,868881
"Row183","50-59",148392,"WA","Female",2013,868881
"Row183","60-69",106604,"WA","Female",2013,868881
"Row183","70-79",52908,"WA","Female",2013,868881
"Row183","80+",16543,"WA","Female",2013,868881
"Row184","16-19",48568,"WA","Female",2014,891051
"Row184","20-24",76540,"WA","Female",2014,891051
"Row184","25-29",89673,"WA","Female",2014,891051
"Row184","30-39",170626,"WA","Female",2014,891051
"Row184","40-49",168921,"WA","Female",2014,891051
"Row184","50-59",151556,"WA","Female",2014,891051
"Row184","60-69",111103,"WA","Female",2014,891051
"Row184","70-79",56610,"WA","Female",2014,891051
"Row184","80+",17454,"WA","Female",2014,891051
"Row185","16-19",49363,"WA","Female",2015,909517
"Row185","20-24",75915,"WA","Female",2015,909517
"Row185","25-29",90519,"WA","Female",2015,909517
"Row185","30-39",175835,"WA","Female",2015,909517
"Row185","40-49",170041,"WA","Female",2015,909517
"Row185","50-59",153390,"WA","Female",2015,909517
"Row185","60-69",115420,"WA","Female",2015,909517
"Row185","70-79",59960,"WA","Female",2015,909517
"Row185","80+",19074,"WA","Female",2015,909517
"Row186","16-19",51467,"WA","Female",2016,926584
"Row186","20-24",74832,"WA","Female",2016,926584
"Row186","25-29",89957,"WA","Female",2016,926584
"Row186","30-39",180718,"WA","Female",2016,926584
"Row186","40-49",170694,"WA","Female",2016,926584
"Row186","50-59",154639,"WA","Female",2016,926584
"Row186","60-69",120115,"WA","Female",2016,926584
"Row186","70-79",63445,"WA","Female",2016,926584
"Row186","80+",20717,"WA","Female",2016,926584
"Row187","16-19",50433,"WA","Female",2017,936496
"Row187","20-24",73973,"WA","Female",2017,936496
"Row187","25-29",88039,"WA","Female",2017,936496
"Row187","30-39",183798,"WA","Female",2017,936496
"Row187","40-49",170874,"WA","Female",2017,936496
"Row187","50-59",155583,"WA","Female",2017,936496
"Row187","60-69",122010,"WA","Female",2017,936496
"Row187","70-79",69229,"WA","Female",2017,936496
"Row187","80+",22557,"WA","Female",2017,936496
"Row188","16-19",51078,"WA","Female",2018,947903
"Row188","20-24",73055,"WA","Female",2018,947903
"Row188","25-29",85745,"WA","Female",2018,947903
"Row188","30-39",186694,"WA","Female",2018,947903
"Row188","40-49",170742,"WA","Female",2018,947903
"Row188","50-59",156826,"WA","Female",2018,947903
"Row188","60-69",125054,"WA","Female",2018,947903
"Row188","70-79",74008,"WA","Female",2018,947903
"Row188","80+",24701,"WA","Female",2018,947903
"Row189","16-19",50694,"WA","Female",2019,959053
"Row189","20-24",73639,"WA","Female",2019,959053
"Row189","25-29",83720,"WA","Female",2019,959053
"Row189","30-39",188835,"WA","Female",2019,959053
"Row189","40-49",171039,"WA","Female",2019,959053
"Row189","50-59",158363,"WA","Female",2019,959053
"Row189","60-69",128212,"WA","Female",2019,959053
"Row189","70-79",78417,"WA","Female",2019,959053
"Row189","80+",26134,"WA","Female",2019,959053
"Row190","16-19",50726,"WA","Female",2020,971216
"Row190","20-24",73715,"WA","Female",2020,971216
"Row190","25-29",82436,"WA","Female",2020,971216
"Row190","30-39",191497,"WA","Female",2020,971216
"Row190","40-49",171611,"WA","Female",2020,971216
"Row190","50-59",160008,"WA","Female",2020,971216
"Row190","60-69",131227,"WA","Female",2020,971216
"Row190","70-79",82382,"WA","Female",2020,971216
"Row190","80+",27614,"WA","Female",2020,971216
"Row191","16-19",50624,"WA","Female",2021,985140
"Row191","20-24",74226,"WA","Female",2021,985140
"Row191","25-29",81951,"WA","Female",2021,985140
"Row191","30-39",193913,"WA","Female",2021,985140
"Row191","40-49",172304,"WA","Female",2021,985140
"Row191","50-59",162523,"WA","Female",2021,985140
"Row191","60-69",134403,"WA","Female",2021,985140
"Row191","70-79",86407,"WA","Female",2021,985140
"Row191","80+",28789,"WA","Female",2021,985140
"Row192","16-19",52783,"WA","Female",2022,1007126
"Row192","20-24",74913,"WA","Female",2022,1007126
"Row192","25-29",83315,"WA","Female",2022,1007126
"Row192","30-39",196843,"WA","Female",2022,1007126
"Row192","40-49",174655,"WA","Female",2022,1007126
"Row192","50-59",165218,"WA","Female",2022,1007126
"Row192","60-69",137822,"WA","Female",2022,1007126
"Row192","70-79",90664,"WA","Female",2022,1007126
"Row192","80+",30913,"WA","Female",2022,1007126
"Row193","16-19",54952,"WA","Female",2023,1031153
"Row193","20-24",75635,"WA","Female",2023,1031153
"Row193","25-29",85171,"WA","Female",2023,1031153
"Row193","30-39",199874,"WA","Female",2023,1031153
"Row193","40-49",178814,"WA","Female",2023,1031153
"Row193","50-59",166679,"WA","Female",2023,1031153
"Row193","60-69",141265,"WA","Female",2023,1031153
"Row193","70-79",95851,"WA","Female",2023,1031153
"Row193","80+",32912,"WA","Female",2023,1031153
"Row194","16-19",57556,"WA","Female",2024,1058421
"Row194","20-24",76794,"WA","Female",2024,1058421
"Row194","25-29",88325,"WA","Female",2024,1058421
"Row194","30-39",203799,"WA","Female",2024,1058421
"Row194","40-49",184036,"WA","Female",2024,1058421
"Row194","50-59",168215,"WA","Female",2024,1058421
"Row194","60-69",144306,"WA","Female",2024,1058421
"Row194","70-79",100174,"WA","Female",2024,1058421
"Row194","80+",35216,"WA","Female",2024,1058421
"Row195","16-19",26147,"WA","Male",2010,821398
"Row195","20-24",69621,"WA","Male",2010,821398
"Row195","25-29",79860,"WA","Male",2010,821398
"Row195","30-39",159425,"WA","Male",2010,821398
"Row195","40-49",165955,"WA","Male",2010,821398
"Row195","50-59",143835,"WA","Male",2010,821398
"Row195","60-69",103801,"WA","Male",2010,821398
"Row195","70-79",53491,"WA","Male",2010,821398
"Row195","80+",19263,"WA","Male",2010,821398
"Row196","16-19",25372,"WA","Male",2011,843139
"Row196","20-24",71201,"WA","Male",2011,843139
"Row196","25-29",83785,"WA","Male",2011,843139
"Row196","30-39",161487,"WA","Male",2011,843139
"Row196","40-49",169921,"WA","Male",2011,843139
"Row196","50-59",147485,"WA","Male",2011,843139
"Row196","60-69",108605,"WA","Male",2011,843139
"Row196","70-79",54906,"WA","Male",2011,843139
"Row196","80+",20377,"WA","Male",2011,843139
"Row197","16-19",23276,"WA","Male",2012,846715
"Row197","20-24",67623,"WA","Male",2012,846715
"Row197","25-29",82865,"WA","Male",2012,846715
"Row197","30-39",161301,"WA","Male",2012,846715
"Row197","40-49",170909,"WA","Male",2012,846715
"Row197","50-59",150066,"WA","Male",2012,846715
"Row197","60-69",112263,"WA","Male",2012,846715
"Row197","70-79",57264,"WA","Male",2012,846715
"Row197","80+",21148,"WA","Male",2012,846715
"Row198","16-19",54003,"WA","Male",2013,983595
"Row198","20-24",88861,"WA","Male",2013,983595
"Row198","25-29",105891,"WA","Male",2013,983595
"Row198","30-39",189318,"WA","Male",2013,983595
"Row198","40-49",185562,"WA","Male",2013,983595
"Row198","50-59",159528,"WA","Male",2013,983595
"Row198","60-69",118455,"WA","Male",2013,983595
"Row198","70-79",59960,"WA","Male",2013,983595
"Row198","80+",22017,"WA","Male",2013,983595
"Row199","16-19",53844,"WA","Male",2014,1003606
"Row199","20-24",87495,"WA","Male",2014,1003606
"Row199","25-29",107406,"WA","Male",2014,1003606
"Row199","30-39",196557,"WA","Male",2014,1003606
"Row199","40-49",186580,"WA","Male",2014,1003606
"Row199","50-59",163213,"WA","Male",2014,1003606
"Row199","60-69",122091,"WA","Male",2014,1003606
"Row199","70-79",63622,"WA","Male",2014,1003606
"Row199","80+",22798,"WA","Male",2014,1003606
"Row200","16-19",54020,"WA","Male",2015,1017106
"Row200","20-24",85742,"WA","Male",2015,1017106
"Row200","25-29",106516,"WA","Male",2015,1017106
"Row200","30-39",202036,"WA","Male",2015,1017106
"Row200","40-49",186857,"WA","Male",2015,1017106
"Row200","50-59",165769,"WA","Male",2015,1017106
"Row200","60-69",125157,"WA","Male",2015,1017106
"Row200","70-79",66840,"WA","Male",2015,1017106
"Row200","80+",24169,"WA","Male",2015,1017106
"Row201","16-19",54480,"WA","Male",2016,1025570
"Row201","20-24",84210,"WA","Male",2016,1025570
"Row201","25-29",103549,"WA","Male",2016,1025570
"Row201","30-39",205156,"WA","Male",2016,1025570
"Row201","40-49",186880,"WA","Male",2016,1025570
"Row201","50-59",166427,"WA","Male",2016,1025570
"Row201","60-69",128992,"WA","Male",2016,1025570
"Row201","70-79",70265,"WA","Male",2016,1025570
"Row201","80+",25611,"WA","Male",2016,1025570
"Row202","16-19",54046,"WA","Male",2017,1026898
"Row202","20-24",82745,"WA","Male",2017,1026898
"Row202","25-29",98749,"WA","Male",2017,1026898
"Row202","30-39",205755,"WA","Male",2017,1026898
"Row202","40-49",185375,"WA","Male",2017,1026898
"Row202","50-59",167092,"WA","Male",2017,1026898
"Row202","60-69",129856,"WA","Male",2017,1026898
"Row202","70-79",75885,"WA","Male",2017,1026898
"Row202","80+",27395,"WA","Male",2017,1026898
"Row203","16-19",54003,"WA","Male",2018,1028348
"Row203","20-24",81939,"WA","Male",2018,1028348
"Row203","25-29",94344,"WA","Male",2018,1028348
"Row203","30-39",204256,"WA","Male",2018,1028348
"Row203","40-49",183906,"WA","Male",2018,1028348
"Row203","50-59",167689,"WA","Male",2018,1028348
"Row203","60-69",131895,"WA","Male",2018,1028348
"Row203","70-79",80925,"WA","Male",2018,1028348
"Row203","80+",29391,"WA","Male",2018,1028348
"Row204","16-19",53317,"WA","Male",2019,1033327
"Row204","20-24",81905,"WA","Male",2019,1033327
"Row204","25-29",92528,"WA","Male",2019,1033327
"Row204","30-39",204584,"WA","Male",2019,1033327
"Row204","40-49",182441,"WA","Male",2019,1033327
"Row204","50-59",169283,"WA","Male",2019,1033327
"Row204","60-69",134024,"WA","Male",2019,1033327
"Row204","70-79",84926,"WA","Male",2019,1033327
"Row204","80+",30319,"WA","Male",2019,1033327
"Row205","16-19",53654,"WA","Male",2020,1042120
"Row205","20-24",81921,"WA","Male",2020,1042120
"Row205","25-29",91612,"WA","Male",2020,1042120
"Row205","30-39",205920,"WA","Male",2020,1042120
"Row205","40-49",182520,"WA","Male",2020,1042120
"Row205","50-59",170731,"WA","Male",2020,1042120
"Row205","60-69",135994,"WA","Male",2020,1042120
"Row205","70-79",88180,"WA","Male",2020,1042120
"Row205","80+",31588,"WA","Male",2020,1042120
"Row206","16-19",53756,"WA","Male",2021,1051142
"Row206","20-24",81603,"WA","Male",2021,1051142
"Row206","25-29",91044,"WA","Male",2021,1051142
"Row206","30-39",206549,"WA","Male",2021,1051142
"Row206","40-49",182844,"WA","Male",2021,1051142
"Row206","50-59",173041,"WA","Male",2021,1051142
"Row206","60-69",138273,"WA","Male",2021,1051142
"Row206","70-79",91469,"WA","Male",2021,1051142
"Row206","80+",32563,"WA","Male",2021,1051142
"Row207","16-19",56633,"WA","Male",2022,1071137
"Row207","20-24",82338,"WA","Male",2022,1071137
"Row207","25-29",92360,"WA","Male",2022,1071137
"Row207","30-39",207860,"WA","Male",2022,1071137
"Row207","40-49",185381,"WA","Male",2022,1071137
"Row207","50-59",175477,"WA","Male",2022,1071137
"Row207","60-69",141524,"WA","Male",2022,1071137
"Row207","70-79",94775,"WA","Male",2022,1071137
"Row207","80+",34789,"WA","Male",2022,1071137
"Row208","16-19",59128,"WA","Male",2023,1101104
"Row208","20-24",84333,"WA","Male",2023,1101104
"Row208","25-29",97458,"WA","Male",2023,1101104
"Row208","30-39",212316,"WA","Male",2023,1101104
"Row208","40-49",190089,"WA","Male",2023,1101104
"Row208","50-59",177272,"WA","Male",2023,1101104
"Row208","60-69",145202,"WA","Male",2023,1101104
"Row208","70-79",98921,"WA","Male",2023,1101104
"Row208","80+",36385,"WA","Male",2023,1101104
"Row209","16-19",61989,"WA","Male",2024,1136395
"Row209","20-24",87529,"WA","Male",2024,1136395
"Row209","25-29",103228,"WA","Male",2024,1136395
"Row209","30-39",219322,"WA","Male",2024,1136395
"Row209","40-49",196131,"WA","Male",2024,1136395
"Row209","50-59",178487,"WA","Male",2024,1136395
"Row209","60-69",148841,"WA","Male",2024,1136395
"Row209","70-79",102238,"WA","Male",2024,1136395
"Row209","80+",38630,"WA","Male",2024,1136395
"Row210","16-19",48556,"WA","Persons",2010,1566465
"Row210","20-24",132960,"WA","Persons",2010,1566465
"Row210","25-29",150778,"WA","Persons",2010,1566465
"Row210","30-39",306966,"WA","Persons",2010,1566465
"Row210","40-49",320360,"WA","Persons",2010,1566465
"Row210","50-59",279629,"WA","Persons",2010,1566465
"Row210","60-69",195751,"WA","Persons",2010,1566465
"Row210","70-79",98845,"WA","Persons",2010,1566465
"Row210","80+",32620,"WA","Persons",2010,1566465
"Row211","16-19",46703,"WA","Persons",2011,1605793
"Row211","20-24",135289,"WA","Persons",2011,1605793
"Row211","25-29",156966,"WA","Persons",2011,1605793
"Row211","30-39",309917,"WA","Persons",2011,1605793
"Row211","40-49",327335,"WA","Persons",2011,1605793
"Row211","50-59",286781,"WA","Persons",2011,1605793
"Row211","60-69",205556,"WA","Persons",2011,1605793
"Row211","70-79",102466,"WA","Persons",2011,1605793
"Row211","80+",34780,"WA","Persons",2011,1605793
"Row212","16-19",43637,"WA","Persons",2012,1623226
"Row212","20-24",131116,"WA","Persons",2012,1623226
"Row212","25-29",157227,"WA","Persons",2012,1623226
"Row212","30-39",310812,"WA","Persons",2012,1623226
"Row212","40-49",330205,"WA","Persons",2012,1623226
"Row212","50-59",292454,"WA","Persons",2012,1623226
"Row212","60-69",213651,"WA","Persons",2012,1623226
"Row212","70-79",107443,"WA","Persons",2012,1623226
"Row212","80+",36681,"WA","Persons",2012,1623226
"Row213","16-19",102065,"WA","Persons",2013,1854446
"Row213","20-24",165828,"WA","Persons",2013,1854446
"Row213","25-29",192910,"WA","Persons",2013,1854446
"Row213","30-39",354616,"WA","Persons",2013,1854446
"Row213","40-49",353343,"WA","Persons",2013,1854446
"Row213","50-59",308463,"WA","Persons",2013,1854446
"Row213","60-69",225529,"WA","Persons",2013,1854446
"Row213","70-79",113088,"WA","Persons",2013,1854446
"Row213","80+",38604,"WA","Persons",2013,1854446
"Row214","16-19",102413,"WA","Persons",2014,1896560
"Row214","20-24",164054,"WA","Persons",2014,1896560
"Row214","25-29",197154,"WA","Persons",2014,1896560
"Row214","30-39",367352,"WA","Persons",2014,1896560
"Row214","40-49",355874,"WA","Persons",2014,1896560
"Row214","50-59",315275,"WA","Persons",2014,1896560
"Row214","60-69",233679,"WA","Persons",2014,1896560
"Row214","70-79",120458,"WA","Persons",2014,1896560
"Row214","80+",40301,"WA","Persons",2014,1896560
"Row215","16-19",103386,"WA","Persons",2015,1928430
"Row215","20-24",161666,"WA","Persons",2015,1928430
"Row215","25-29",197094,"WA","Persons",2015,1928430
"Row215","30-39",378025,"WA","Persons",2015,1928430
"Row215","40-49",357228,"WA","Persons",2015,1928430
"Row215","50-59",319673,"WA","Persons",2015,1928430
"Row215","60-69",241032,"WA","Persons",2015,1928430
"Row215","70-79",127028,"WA","Persons",2015,1928430
"Row215","80+",43298,"WA","Persons",2015,1928430
"Row216","16-19",104949,"WA","Persons",2016,1952879
"Row216","20-24",159057,"WA","Persons",2016,1952879
"Row216","25-29",193549,"WA","Persons",2016,1952879
"Row216","30-39",386029,"WA","Persons",2016,1952879
"Row216","40-49",357871,"WA","Persons",2016,1952879
"Row216","50-59",321531,"WA","Persons",2016,1952879
"Row216","60-69",249552,"WA","Persons",2016,1952879
"Row216","70-79",133959,"WA","Persons",2016,1952879
"Row216","80+",46382,"WA","Persons",2016,1952879
"Row217","16-19",104482,"WA","Persons",2017,1965031
"Row217","20-24",156731,"WA","Persons",2017,1965031
"Row217","25-29",186824,"WA","Persons",2017,1965031
"Row217","30-39",389699,"WA","Persons",2017,1965031
"Row217","40-49",356505,"WA","Persons",2017,1965031
"Row217","50-59",323108,"WA","Persons",2017,1965031
"Row217","60-69",252302,"WA","Persons",2017,1965031
"Row217","70-79",145374,"WA","Persons",2017,1965031
"Row217","80+",50006,"WA","Persons",2017,1965031
"Row218","16-19",105084,"WA","Persons",2018,1977775
"Row218","20-24",155001,"WA","Persons",2018,1977775
"Row218","25-29",180116,"WA","Persons",2018,1977775
"Row218","30-39",391072,"WA","Persons",2018,1977775
"Row218","40-49",354869,"WA","Persons",2018,1977775
"Row218","50-59",324924,"WA","Persons",2018,1977775
"Row218","60-69",257347,"WA","Persons",2018,1977775
"Row218","70-79",155203,"WA","Persons",2018,1977775
"Row218","80+",54159,"WA","Persons",2018,1977775
"Row219","16-19",104011,"WA","Persons",2019,1992380
"Row219","20-24",155544,"WA","Persons",2019,1992380
"Row219","25-29",176248,"WA","Persons",2019,1992380
"Row219","30-39",393419,"WA","Persons",2019,1992380
"Row219","40-49",353480,"WA","Persons",2019,1992380
"Row219","50-59",327646,"WA","Persons",2019,1992380
"Row219","60-69",262236,"WA","Persons",2019,1992380
"Row219","70-79",163343,"WA","Persons",2019,1992380
"Row219","80+",56453,"WA","Persons",2019,1992380
"Row220","16-19",104380,"WA","Persons",2020,2013336
"Row220","20-24",155636,"WA","Persons",2020,2013336
"Row220","25-29",174048,"WA","Persons",2020,2013336
"Row220","30-39",397417,"WA","Persons",2020,2013336
"Row220","40-49",354131,"WA","Persons",2020,2013336
"Row220","50-59",330739,"WA","Persons",2020,2013336
"Row220","60-69",267221,"WA","Persons",2020,2013336
"Row220","70-79",170562,"WA","Persons",2020,2013336
"Row220","80+",59202,"WA","Persons",2020,2013336
"Row221","16-19",104380,"WA","Persons",2021,2036282
"Row221","20-24",155829,"WA","Persons",2021,2036282
"Row221","25-29",172995,"WA","Persons",2021,2036282
"Row221","30-39",400462,"WA","Persons",2021,2036282
"Row221","40-49",355148,"WA","Persons",2021,2036282
"Row221","50-59",335564,"WA","Persons",2021,2036282
"Row221","60-69",272676,"WA","Persons",2021,2036282
"Row221","70-79",177876,"WA","Persons",2021,2036282
"Row221","80+",61352,"WA","Persons",2021,2036282
"Row222","16-19",109416,"WA","Persons",2022,2078263
"Row222","20-24",157251,"WA","Persons",2022,2078263
"Row222","25-29",175675,"WA","Persons",2022,2078263
"Row222","30-39",404703,"WA","Persons",2022,2078263
"Row222","40-49",360036,"WA","Persons",2022,2078263
"Row222","50-59",340695,"WA","Persons",2022,2078263
"Row222","60-69",279346,"WA","Persons",2022,2078263
"Row222","70-79",185439,"WA","Persons",2022,2078263
"Row222","80+",65702,"WA","Persons",2022,2078263
"Row223","16-19",114080,"WA","Persons",2023,2132257
"Row223","20-24",159968,"WA","Persons",2023,2132257
"Row223","25-29",182629,"WA","Persons",2023,2132257
"Row223","30-39",412190,"WA","Persons",2023,2132257
"Row223","40-49",368903,"WA","Persons",2023,2132257
"Row223","50-59",343951,"WA","Persons",2023,2132257
"Row223","60-69",286467,"WA","Persons",2023,2132257
"Row223","70-79",194772,"WA","Persons",2023,2132257
"Row223","80+",69297,"WA","Persons",2023,2132257
"Row224","16-19",119545,"WA","Persons",2024,2194816
"Row224","20-24",164323,"WA","Persons",2024,2194816
"Row224","25-29",191553,"WA","Persons",2024,2194816
"Row224","30-39",423121,"WA","Persons",2024,2194816
"Row224","40-49",380167,"WA","Persons",2024,2194816
"Row224","50-59",346702,"WA","Persons",2024,2194816
"Row224","60-69",293147,"WA","Persons",2024,2194816
"Row224","70-79",202412,"WA","Persons",2024,2194816
"Row224","80+",73846,"WA","Persons",2024,2194816
"Row225","16-19",10868,"TAS","Female",2010,179237
"Row225","20-24",14173,"TAS","Female",2010,179237
"Row225","25-29",13896,"TAS","Female",2010,179237
"Row225","30-39",29298,"TAS","Female",2010,179237
"Row225","40-49",34329,"TAS","Female",2010,179237
"Row225","50-59",33810,"TAS","Female",2010,179237
"Row225","60-69",25718,"TAS","Female",2010,179237
"Row225","70-79",12968,"TAS","Female",2010,179237
"Row225","80+",4177,"TAS","Female",2010,179237
"Row226","16-19",10662,"TAS","Female",2011,181448
"Row226","20-24",14148,"TAS","Female",2011,181448
"Row226","25-29",13968,"TAS","Female",2011,181448
"Row226","30-39",28851,"TAS","Female",2011,181448
"Row226","40-49",34283,"TAS","Female",2011,181448
"Row226","50-59",34699,"TAS","Female",2011,181448
"Row226","60-69",26903,"TAS","Female",2011,181448
"Row226","70-79",13534,"TAS","Female",2011,181448
"Row226","80+",4400,"TAS","Female",2011,181448
"Row227","16-19",10387,"TAS","Female",2012,180870
"Row227","20-24",13810,"TAS","Female",2012,180870
"Row227","25-29",13503,"TAS","Female",2012,180870
"Row227","30-39",27942,"TAS","Female",2012,180870
"Row227","40-49",33654,"TAS","Female",2012,180870
"Row227","50-59",34944,"TAS","Female",2012,180870
"Row227","60-69",27806,"TAS","Female",2012,180870
"Row227","70-79",14122,"TAS","Female",2012,180870
"Row227","80+",4702,"TAS","Female",2012,180870
"Row228","16-19",10155,"TAS","Female",2013,181031
"Row228","20-24",13471,"TAS","Female",2013,181031
"Row228","25-29",13435,"TAS","Female",2013,181031
"Row228","30-39",27297,"TAS","Female",2013,181031
"Row228","40-49",33087,"TAS","Female",2013,181031
"Row228","50-59",35005,"TAS","Female",2013,181031
"Row228","60-69",28883,"TAS","Female",2013,181031
"Row228","70-79",14701,"TAS","Female",2013,181031
"Row228","80+",4997,"TAS","Female",2013,181031
"Row229","16-19",10134,"TAS","Female",2014,181883
"Row229","20-24",13254,"TAS","Female",2014,181883
"Row229","25-29",13192,"TAS","Female",2014,181883
"Row229","30-39",27046,"TAS","Female",2014,181883
"Row229","40-49",32439,"TAS","Female",2014,181883
"Row229","50-59",35187,"TAS","Female",2014,181883
"Row229","60-69",29763,"TAS","Female",2014,181883
"Row229","70-79",15516,"TAS","Female",2014,181883
"Row229","80+",5352,"TAS","Female",2014,181883
"Row230","16-19",10177,"TAS","Female",2015,184420
"Row230","20-24",13468,"TAS","Female",2015,184420
"Row230","25-29",13033,"TAS","Female",2015,184420
"Row230","30-39",27207,"TAS","Female",2015,184420
"Row230","40-49",32301,"TAS","Female",2015,184420
"Row230","50-59",35147,"TAS","Female",2015,184420
"Row230","60-69",30694,"TAS","Female",2015,184420
"Row230","70-79",16609,"TAS","Female",2015,184420
"Row230","80+",5784,"TAS","Female",2015,184420
"Row231","16-19",10296,"TAS","Female",2016,188991
"Row231","20-24",13538,"TAS","Female",2016,188991
"Row231","25-29",13417,"TAS","Female",2016,188991
"Row231","30-39",27926,"TAS","Female",2016,188991
"Row231","40-49",32355,"TAS","Female",2016,188991
"Row231","50-59",35334,"TAS","Female",2016,188991
"Row231","60-69",31707,"TAS","Female",2016,188991
"Row231","70-79",17865,"TAS","Female",2016,188991
"Row231","80+",6553,"TAS","Female",2016,188991
"Row232","16-19",10246,"TAS","Female",2017,189982
"Row232","20-24",13508,"TAS","Female",2017,189982
"Row232","25-29",13554,"TAS","Female",2017,189982
"Row232","30-39",27943,"TAS","Female",2017,189982
"Row232","40-49",31580,"TAS","Female",2017,189982
"Row232","50-59",35167,"TAS","Female",2017,189982
"Row232","60-69",32003,"TAS","Female",2017,189982
"Row232","70-79",19185,"TAS","Female",2017,189982
"Row232","80+",6796,"TAS","Female",2017,189982
"Row233","16-19",10306,"TAS","Female",2018,193880
"Row233","20-24",13713,"TAS","Female",2018,193880
"Row233","25-29",14023,"TAS","Female",2018,193880
"Row233","30-39",28905,"TAS","Female",2018,193880
"Row233","40-49",31638,"TAS","Female",2018,193880
"Row233","50-59",35113,"TAS","Female",2018,193880
"Row233","60-69",32727,"TAS","Female",2018,193880
"Row233","70-79",20300,"TAS","Female",2018,193880
"Row233","80+",7155,"TAS","Female",2018,193880
"Row234","16-19",9975,"TAS","Female",2019,198779
"Row234","20-24",14189,"TAS","Female",2019,198779
"Row234","25-29",14701,"TAS","Female",2019,198779
"Row234","30-39",30368,"TAS","Female",2019,198779
"Row234","40-49",31531,"TAS","Female",2019,198779
"Row234","50-59",35328,"TAS","Female",2019,198779
"Row234","60-69",33503,"TAS","Female",2019,198779
"Row234","70-79",21660,"TAS","Female",2019,198779
"Row234","80+",7524,"TAS","Female",2019,198779
"Row235","16-19",9819,"TAS","Female",2020,202406
"Row235","20-24",14149,"TAS","Female",2020,202406
"Row235","25-29",15447,"TAS","Female",2020,202406
"Row235","30-39",31574,"TAS","Female",2020,202406
"Row235","40-49",31267,"TAS","Female",2020,202406
"Row235","50-59",35102,"TAS","Female",2020,202406
"Row235","60-69",33932,"TAS","Female",2020,202406
"Row235","70-79",22857,"TAS","Female",2020,202406
"Row235","80+",8259,"TAS","Female",2020,202406
"Row236","16-19",9993,"TAS","Female",2021,207429
"Row236","20-24",14367,"TAS","Female",2021,207429
"Row236","25-29",16582,"TAS","Female",2021,207429
"Row236","30-39",33028,"TAS","Female",2021,207429
"Row236","40-49",31026,"TAS","Female",2021,207429
"Row236","50-59",35064,"TAS","Female",2021,207429
"Row236","60-69",34632,"TAS","Female",2021,207429
"Row236","70-79",23856,"TAS","Female",2021,207429
"Row236","80+",8881,"TAS","Female",2021,207429
"Row237","16-19",10278,"TAS","Female",2022,211566
"Row237","20-24",14438,"TAS","Female",2022,211566
"Row237","25-29",17174,"TAS","Female",2022,211566
"Row237","30-39",34448,"TAS","Female",2022,211566
"Row237","40-49",31099,"TAS","Female",2022,211566
"Row237","50-59",34918,"TAS","Female",2022,211566
"Row237","60-69",35207,"TAS","Female",2022,211566
"Row237","70-79",24733,"TAS","Female",2022,211566
"Row237","80+",9271,"TAS","Female",2022,211566
"Row238","16-19",10716,"TAS","Female",2023,213464
"Row238","20-24",13911,"TAS","Female",2023,213464
"Row238","25-29",16849,"TAS","Female",2023,213464
"Row238","30-39",35287,"TAS","Female",2023,213464
"Row238","40-49",31099,"TAS","Female",2023,213464
"Row238","50-59",34792,"TAS","Female",2023,213464
"Row238","60-69",35429,"TAS","Female",2023,213464
"Row238","70-79",25783,"TAS","Female",2023,213464
"Row238","80+",9598,"TAS","Female",2023,213464
"Row239","16-19",11124,"TAS","Female",2024,215511
"Row239","20-24",13727,"TAS","Female",2024,215511
"Row239","25-29",16546,"TAS","Female",2024,215511
"Row239","30-39",35892,"TAS","Female",2024,215511
"Row239","40-49",31313,"TAS","Female",2024,215511
"Row239","50-59",34398,"TAS","Female",2024,215511
"Row239","60-69",35759,"TAS","Female",2024,215511
"Row239","70-79",26604,"TAS","Female",2024,215511
"Row239","80+",10148,"TAS","Female",2024,215511
"Row240","16-19",11033,"TAS","Male",2010,184054
"Row240","20-24",14365,"TAS","Male",2010,184054
"Row240","25-29",13728,"TAS","Male",2010,184054
"Row240","30-39",28504,"TAS","Male",2010,184054
"Row240","40-49",33986,"TAS","Male",2010,184054
"Row240","50-59",34185,"TAS","Male",2010,184054
"Row240","60-69",27704,"TAS","Male",2010,184054
"Row240","70-79",14952,"TAS","Male",2010,184054
"Row240","80+",5597,"TAS","Male",2010,184054
"Row241","16-19",10885,"TAS","Male",2011,185848
"Row241","20-24",14344,"TAS","Male",2011,185848
"Row241","25-29",13971,"TAS","Male",2011,185848
"Row241","30-39",28105,"TAS","Male",2011,185848
"Row241","40-49",33870,"TAS","Male",2011,185848
"Row241","50-59",34707,"TAS","Male",2011,185848
"Row241","60-69",28764,"TAS","Male",2011,185848
"Row241","70-79",15373,"TAS","Male",2011,185848
"Row241","80+",5829,"TAS","Male",2011,185848
"Row242","16-19",10752,"TAS","Male",2012,184489
"Row242","20-24",13844,"TAS","Male",2012,184489
"Row242","25-29",13600,"TAS","Male",2012,184489
"Row242","30-39",27026,"TAS","Male",2012,184489
"Row242","40-49",33010,"TAS","Male",2012,184489
"Row242","50-59",34642,"TAS","Male",2012,184489
"Row242","60-69",29645,"TAS","Male",2012,184489
"Row242","70-79",15892,"TAS","Male",2012,184489
"Row242","80+",6078,"TAS","Male",2012,184489
"Row243","16-19",10540,"TAS","Male",2013,184264
"Row243","20-24",13751,"TAS","Male",2013,184264
"Row243","25-29",13319,"TAS","Male",2013,184264
"Row243","30-39",26705,"TAS","Male",2013,184264
"Row243","40-49",32217,"TAS","Male",2013,184264
"Row243","50-59",34626,"TAS","Male",2013,184264
"Row243","60-69",30413,"TAS","Male",2013,184264
"Row243","70-79",16462,"TAS","Male",2013,184264
"Row243","80+",6231,"TAS","Male",2013,184264
"Row244","16-19",10218,"TAS","Male",2014,184348
"Row244","20-24",13679,"TAS","Male",2014,184348
"Row244","25-29",13110,"TAS","Male",2014,184348
"Row244","30-39",26354,"TAS","Male",2014,184348
"Row244","40-49",31570,"TAS","Male",2014,184348
"Row244","50-59",34893,"TAS","Male",2014,184348
"Row244","60-69",30710,"TAS","Male",2014,184348
"Row244","70-79",17322,"TAS","Male",2014,184348
"Row244","80+",6492,"TAS","Male",2014,184348
"Row245","16-19",10184,"TAS","Male",2015,185876
"Row245","20-24",13740,"TAS","Male",2015,185876
"Row245","25-29",13111,"TAS","Male",2015,185876
"Row245","30-39",26406,"TAS","Male",2015,185876
"Row245","40-49",31118,"TAS","Male",2015,185876
"Row245","50-59",34930,"TAS","Male",2015,185876
"Row245","60-69",31396,"TAS","Male",2015,185876
"Row245","70-79",18170,"TAS","Male",2015,185876
"Row245","80+",6821,"TAS","Male",2015,185876
"Row246","16-19",10280,"TAS","Male",2016,190314
"Row246","20-24",14010,"TAS","Male",2016,190314
"Row246","25-29",13580,"TAS","Male",2016,190314
"Row246","30-39",27055,"TAS","Male",2016,190314
"Row246","40-49",31342,"TAS","Male",2016,190314
"Row246","50-59",34949,"TAS","Male",2016,190314
"Row246","60-69",32490,"TAS","Male",2016,190314
"Row246","70-79",19216,"TAS","Male",2016,190314
"Row246","80+",7392,"TAS","Male",2016,190314
"Row247","16-19",10191,"TAS","Male",2017,190233
"Row247","20-24",13863,"TAS","Male",2017,190233
"Row247","25-29",13553,"TAS","Male",2017,190233
"Row247","30-39",27090,"TAS","Male",2017,190233
"Row247","40-49",30718,"TAS","Male",2017,190233
"Row247","50-59",34492,"TAS","Male",2017,190233
"Row247","60-69",32258,"TAS","Male",2017,190233
"Row247","70-79",20518,"TAS","Male",2017,190233
"Row247","80+",7550,"TAS","Male",2017,190233
"Row248","16-19",10265,"TAS","Male",2018,193893
"Row248","20-24",13930,"TAS","Male",2018,193893
"Row248","25-29",14323,"TAS","Male",2018,193893
"Row248","30-39",28285,"TAS","Male",2018,193893
"Row248","40-49",30537,"TAS","Male",2018,193893
"Row248","50-59",34326,"TAS","Male",2018,193893
"Row248","60-69",32754,"TAS","Male",2018,193893
"Row248","70-79",21605,"TAS","Male",2018,193893
"Row248","80+",7868,"TAS","Male",2018,193893
"Row249","16-19",10055,"TAS","Male",2019,199673
"Row249","20-24",14250,"TAS","Male",2019,199673
"Row249","25-29",15620,"TAS","Male",2019,199673
"Row249","30-39",30256,"TAS","Male",2019,199673
"Row249","40-49",30501,"TAS","Male",2019,199673
"Row249","50-59",34579,"TAS","Male",2019,199673
"Row249","60-69",33497,"TAS","Male",2019,199673
"Row249","70-79",22612,"TAS","Male",2019,199673
"Row249","80+",8303,"TAS","Male",2019,199673
"Row250","16-19",9826,"TAS","Male",2020,204031
"Row250","20-24",14324,"TAS","Male",2020,204031
"Row250","25-29",16658,"TAS","Male",2020,204031
"Row250","30-39",32057,"TAS","Male",2020,204031
"Row250","40-49",30423,"TAS","Male",2020,204031
"Row250","50-59",34440,"TAS","Male",2020,204031
"Row250","60-69",33862,"TAS","Male",2020,204031
"Row250","70-79",23595,"TAS","Male",2020,204031
"Row250","80+",8846,"TAS","Male",2020,204031
"Row251","16-19",9935,"TAS","Male",2021,208834
"Row251","20-24",14601,"TAS","Male",2021,208834
"Row251","25-29",17941,"TAS","Male",2021,208834
"Row251","30-39",33970,"TAS","Male",2021,208834
"Row251","40-49",30072,"TAS","Male",2021,208834
"Row251","50-59",34364,"TAS","Male",2021,208834
"Row251","60-69",34271,"TAS","Male",2021,208834
"Row251","70-79",24392,"TAS","Male",2021,208834
"Row251","80+",9288,"TAS","Male",2021,208834
"Row252","16-19",10375,"TAS","Male",2022,212110
"Row252","20-24",14484,"TAS","Male",2022,212110
"Row252","25-29",18474,"TAS","Male",2022,212110
"Row252","30-39",35199,"TAS","Male",2022,212110
"Row252","40-49",29991,"TAS","Male",2022,212110
"Row252","50-59",34063,"TAS","Male",2022,212110
"Row252","60-69",34573,"TAS","Male",2022,212110
"Row252","70-79",25243,"TAS","Male",2022,212110
"Row252","80+",9708,"TAS","Male",2022,212110
"Row253","16-19",10818,"TAS","Male",2023,213064
"Row253","20-24",14069,"TAS","Male",2023,213064
"Row253","25-29",17528,"TAS","Male",2023,213064
"Row253","30-39",35912,"TAS","Male",2023,213064
"Row253","40-49",30180,"TAS","Male",2023,213064
"Row253","50-59",33618,"TAS","Male",2023,213064
"Row253","60-69",34835,"TAS","Male",2023,213064
"Row253","70-79",26048,"TAS","Male",2023,213064
"Row253","80+",10056,"TAS","Male",2023,213064
"Row254","16-19",11443,"TAS","Male",2024,214354
"Row254","20-24",13966,"TAS","Male",2024,214354
"Row254","25-29",16758,"TAS","Male",2024,214354
"Row254","30-39",36273,"TAS","Male",2024,214354
"Row254","40-49",30348,"TAS","Male",2024,214354
"Row254","50-59",33286,"TAS","Male",2024,214354
"Row254","60-69",35220,"TAS","Male",2024,214354
"Row254","70-79",26386,"TAS","Male",2024,214354
"Row254","80+",10674,"TAS","Male",2024,214354
"Row255","16-19",21901,"TAS","Persons",2010,363291
"Row255","20-24",28538,"TAS","Persons",2010,363291
"Row255","25-29",27624,"TAS","Persons",2010,363291
"Row255","30-39",57802,"TAS","Persons",2010,363291
"Row255","40-49",68315,"TAS","Persons",2010,363291
"Row255","50-59",67995,"TAS","Persons",2010,363291
"Row255","60-69",53422,"TAS","Persons",2010,363291
"Row255","70-79",27920,"TAS","Persons",2010,363291
"Row255","80+",9774,"TAS","Persons",2010,363291
"Row256","16-19",21547,"TAS","Persons",2011,367296
"Row256","20-24",28492,"TAS","Persons",2011,367296
"Row256","25-29",27939,"TAS","Persons",2011,367296
"Row256","30-39",56956,"TAS","Persons",2011,367296
"Row256","40-49",68153,"TAS","Persons",2011,367296
"Row256","50-59",69406,"TAS","Persons",2011,367296
"Row256","60-69",55667,"TAS","Persons",2011,367296
"Row256","70-79",28907,"TAS","Persons",2011,367296
"Row256","80+",10229,"TAS","Persons",2011,367296
"Row257","16-19",21139,"TAS","Persons",2012,365359
"Row257","20-24",27654,"TAS","Persons",2012,365359
"Row257","25-29",27103,"TAS","Persons",2012,365359
"Row257","30-39",54968,"TAS","Persons",2012,365359
"Row257","40-49",66664,"TAS","Persons",2012,365359
"Row257","50-59",69586,"TAS","Persons",2012,365359
"Row257","60-69",57451,"TAS","Persons",2012,365359
"Row257","70-79",30014,"TAS","Persons",2012,365359
"Row257","80+",10780,"TAS","Persons",2012,365359
"Row258","16-19",20695,"TAS","Persons",2013,365295
"Row258","20-24",27222,"TAS","Persons",2013,365295
"Row258","25-29",26754,"TAS","Persons",2013,365295
"Row258","30-39",54002,"TAS","Persons",2013,365295
"Row258","40-49",65304,"TAS","Persons",2013,365295
"Row258","50-59",69631,"TAS","Persons",2013,365295
"Row258","60-69",59296,"TAS","Persons",2013,365295
"Row258","70-79",31163,"TAS","Persons",2013,365295
"Row258","80+",11228,"TAS","Persons",2013,365295
"Row259","16-19",20352,"TAS","Persons",2014,366231
"Row259","20-24",26933,"TAS","Persons",2014,366231
"Row259","25-29",26302,"TAS","Persons",2014,366231
"Row259","30-39",53400,"TAS","Persons",2014,366231
"Row259","40-49",64009,"TAS","Persons",2014,366231
"Row259","50-59",70080,"TAS","Persons",2014,366231
"Row259","60-69",60473,"TAS","Persons",2014,366231
"Row259","70-79",32838,"TAS","Persons",2014,366231
"Row259","80+",11844,"TAS","Persons",2014,366231
"Row260","16-19",20361,"TAS","Persons",2015,370296
"Row260","20-24",27208,"TAS","Persons",2015,370296
"Row260","25-29",26144,"TAS","Persons",2015,370296
"Row260","30-39",53613,"TAS","Persons",2015,370296
"Row260","40-49",63419,"TAS","Persons",2015,370296
"Row260","50-59",70077,"TAS","Persons",2015,370296
"Row260","60-69",62090,"TAS","Persons",2015,370296
"Row260","70-79",34779,"TAS","Persons",2015,370296
"Row260","80+",12605,"TAS","Persons",2015,370296
"Row261","16-19",20576,"TAS","Persons",2016,379305
"Row261","20-24",27548,"TAS","Persons",2016,379305
"Row261","25-29",26997,"TAS","Persons",2016,379305
"Row261","30-39",54981,"TAS","Persons",2016,379305
"Row261","40-49",63697,"TAS","Persons",2016,379305
"Row261","50-59",70283,"TAS","Persons",2016,379305
"Row261","60-69",64197,"TAS","Persons",2016,379305
"Row261","70-79",37081,"TAS","Persons",2016,379305
"Row261","80+",13945,"TAS","Persons",2016,379305
"Row262","16-19",20437,"TAS","Persons",2017,380215
"Row262","20-24",27371,"TAS","Persons",2017,380215
"Row262","25-29",27107,"TAS","Persons",2017,380215
"Row262","30-39",55033,"TAS","Persons",2017,380215
"Row262","40-49",62298,"TAS","Persons",2017,380215
"Row262","50-59",69659,"TAS","Persons",2017,380215
"Row262","60-69",64261,"TAS","Persons",2017,380215
"Row262","70-79",39703,"TAS","Persons",2017,380215
"Row262","80+",14346,"TAS","Persons",2017,380215
"Row263","16-19",20571,"TAS","Persons",2018,387773
"Row263","20-24",27643,"TAS","Persons",2018,387773
"Row263","25-29",28346,"TAS","Persons",2018,387773
"Row263","30-39",57190,"TAS","Persons",2018,387773
"Row263","40-49",62175,"TAS","Persons",2018,387773
"Row263","50-59",69439,"TAS","Persons",2018,387773
"Row263","60-69",65481,"TAS","Persons",2018,387773
"Row263","70-79",41905,"TAS","Persons",2018,387773
"Row263","80+",15023,"TAS","Persons",2018,387773
"Row264","16-19",20030,"TAS","Persons",2019,398452
"Row264","20-24",28439,"TAS","Persons",2019,398452
"Row264","25-29",30321,"TAS","Persons",2019,398452
"Row264","30-39",60624,"TAS","Persons",2019,398452
"Row264","40-49",62032,"TAS","Persons",2019,398452
"Row264","50-59",69907,"TAS","Persons",2019,398452
"Row264","60-69",67000,"TAS","Persons",2019,398452
"Row264","70-79",44272,"TAS","Persons",2019,398452
"Row264","80+",15827,"TAS","Persons",2019,398452
"Row265","16-19",19645,"TAS","Persons",2020,406437
"Row265","20-24",28473,"TAS","Persons",2020,406437
"Row265","25-29",32105,"TAS","Persons",2020,406437
"Row265","30-39",63631,"TAS","Persons",2020,406437
"Row265","40-49",61690,"TAS","Persons",2020,406437
"Row265","50-59",69542,"TAS","Persons",2020,406437
"Row265","60-69",67794,"TAS","Persons",2020,406437
"Row265","70-79",46452,"TAS","Persons",2020,406437
"Row265","80+",17105,"TAS","Persons",2020,406437
"Row266","16-19",19928,"TAS","Persons",2021,416263
"Row266","20-24",28968,"TAS","Persons",2021,416263
"Row266","25-29",34523,"TAS","Persons",2021,416263
"Row266","30-39",66998,"TAS","Persons",2021,416263
"Row266","40-49",61098,"TAS","Persons",2021,416263
"Row266","50-59",69428,"TAS","Persons",2021,416263
"Row266","60-69",68903,"TAS","Persons",2021,416263
"Row266","70-79",48248,"TAS","Persons",2021,416263
"Row266","80+",18169,"TAS","Persons",2021,416263
"Row267","16-19",20653,"TAS","Persons",2022,423676
"Row267","20-24",28922,"TAS","Persons",2022,423676
"Row267","25-29",35648,"TAS","Persons",2022,423676
"Row267","30-39",69647,"TAS","Persons",2022,423676
"Row267","40-49",61090,"TAS","Persons",2022,423676
"Row267","50-59",68981,"TAS","Persons",2022,423676
"Row267","60-69",69780,"TAS","Persons",2022,423676
"Row267","70-79",49976,"TAS","Persons",2022,423676
"Row267","80+",18979,"TAS","Persons",2022,423676
"Row268","16-19",21534,"TAS","Persons",2023,426528
"Row268","20-24",27980,"TAS","Persons",2023,426528
"Row268","25-29",34377,"TAS","Persons",2023,426528
"Row268","30-39",71199,"TAS","Persons",2023,426528
"Row268","40-49",61279,"TAS","Persons",2023,426528
"Row268","50-59",68410,"TAS","Persons",2023,426528
"Row268","60-69",70264,"TAS","Persons",2023,426528
"Row268","70-79",51831,"TAS","Persons",2023,426528
"Row268","80+",19654,"TAS","Persons",2023,426528
"Row269","16-19",22567,"TAS","Persons",2024,429865
"Row269","20-24",27693,"TAS","Persons",2024,429865
"Row269","25-29",33304,"TAS","Persons",2024,429865
"Row269","30-39",72165,"TAS","Persons",2024,429865
"Row269","40-49",61661,"TAS","Persons",2024,429865
"Row269","50-59",67684,"TAS","Persons",2024,429865
"Row269","60-69",70979,"TAS","Persons",2024,429865
"Row269","70-79",52990,"TAS","Persons",2024,429865
"Row269","80+",20822,"TAS","Persons",2024,429865
"Row270","16-19",3162,"NT","Female",2010,59573
"Row270","20-24",5458,"NT","Female",2010,59573
"Row270","25-29",7235,"NT","Female",2010,59573
"Row270","30-39",14042,"NT","Female",2010,59573
"Row270","40-49",12754,"NT","Female",2010,59573
"Row270","50-59",10291,"NT","Female",2010,59573
"Row270","60-69",5038,"NT","Female",2010,59573
"Row270","70-79",1304,"NT","Female",2010,59573
"Row270","80+",289,"NT","Female",2010,59573
"Row271","16-19",3142,"NT","Female",2011,60064
"Row271","20-24",5426,"NT","Female",2011,60064
"Row271","25-29",7318,"NT","Female",2011,60064
"Row271","30-39",13817,"NT","Female",2011,60064
"Row271","40-49",12830,"NT","Female",2011,60064
"Row271","50-59",10429,"NT","Female",2011,60064
"Row271","60-69",5348,"NT","Female",2011,60064
"Row271","70-79",1435,"NT","Female",2011,60064
"Row271","80+",319,"NT","Female",2011,60064
"Row272","16-19",3182,"NT","Female",2012,62464
"Row272","20-24",5736,"NT","Female",2012,62464
"Row272","25-29",7573,"NT","Female",2012,62464
"Row272","30-39",14396,"NT","Female",2012,62464
"Row272","40-49",13076,"NT","Female",2012,62464
"Row272","50-59",10863,"NT","Female",2012,62464
"Row272","60-69",5686,"NT","Female",2012,62464
"Row272","70-79",1609,"NT","Female",2012,62464
"Row272","80+",343,"NT","Female",2012,62464
"Row273","16-19",3099,"NT","Female",2013,65602
"Row273","20-24",6167,"NT","Female",2013,65602
"Row273","25-29",8068,"NT","Female",2013,65602
"Row273","30-39",15256,"NT","Female",2013,65602
"Row273","40-49",13404,"NT","Female",2013,65602
"Row273","50-59",11352,"NT","Female",2013,65602
"Row273","60-69",6091,"NT","Female",2013,65602
"Row273","70-79",1791,"NT","Female",2013,65602
"Row273","80+",374,"NT","Female",2013,65602
"Row274","16-19",3113,"NT","Female",2014,67245
"Row274","20-24",6225,"NT","Female",2014,67245
"Row274","25-29",8316,"NT","Female",2014,67245
"Row274","30-39",15754,"NT","Female",2014,67245
"Row274","40-49",13526,"NT","Female",2014,67245
"Row274","50-59",11499,"NT","Female",2014,67245
"Row274","60-69",6441,"NT","Female",2014,67245
"Row274","70-79",1966,"NT","Female",2014,67245
"Row274","80+",405,"NT","Female",2014,67245
"Row275","16-19",2990,"NT","Female",2015,68089
"Row275","20-24",6222,"NT","Female",2015,68089
"Row275","25-29",8441,"NT","Female",2015,68089
"Row275","30-39",16224,"NT","Female",2015,68089
"Row275","40-49",13459,"NT","Female",2015,68089
"Row275","50-59",11606,"NT","Female",2015,68089
"Row275","60-69",6617,"NT","Female",2015,68089
"Row275","70-79",2087,"NT","Female",2015,68089
"Row275","80+",443,"NT","Female",2015,68089
"Row276","16-19",3134,"NT","Female",2016,69697
"Row276","20-24",6178,"NT","Female",2016,69697
"Row276","25-29",8561,"NT","Female",2016,69697
"Row276","30-39",16901,"NT","Female",2016,69697
"Row276","40-49",13712,"NT","Female",2016,69697
"Row276","50-59",11611,"NT","Female",2016,69697
"Row276","60-69",6880,"NT","Female",2016,69697
"Row276","70-79",2265,"NT","Female",2016,69697
"Row276","80+",455,"NT","Female",2016,69697
"Row277","16-19",3269,"NT","Female",2017,70960
"Row277","20-24",6156,"NT","Female",2017,70960
"Row277","25-29",8749,"NT","Female",2017,70960
"Row277","30-39",17400,"NT","Female",2017,70960
"Row277","40-49",13718,"NT","Female",2017,70960
"Row277","50-59",11619,"NT","Female",2017,70960
"Row277","60-69",7080,"NT","Female",2017,70960
"Row277","70-79",2464,"NT","Female",2017,70960
"Row277","80+",505,"NT","Female",2017,70960
"Row278","16-19",3416,"NT","Female",2018,71916
"Row278","20-24",6190,"NT","Female",2018,71916
"Row278","25-29",8641,"NT","Female",2018,71916
"Row278","30-39",17629,"NT","Female",2018,71916
"Row278","40-49",13762,"NT","Female",2018,71916
"Row278","50-59",11686,"NT","Female",2018,71916
"Row278","60-69",7324,"NT","Female",2018,71916
"Row278","70-79",2698,"NT","Female",2018,71916
"Row278","80+",570,"NT","Female",2018,71916
"Row279","16-19",3321,"NT","Female",2019,72213
"Row279","20-24",6054,"NT","Female",2019,72213
"Row279","25-29",8568,"NT","Female",2019,72213
"Row279","30-39",17729,"NT","Female",2019,72213
"Row279","40-49",13688,"NT","Female",2019,72213
"Row279","50-59",11735,"NT","Female",2019,72213
"Row279","60-69",7521,"NT","Female",2019,72213
"Row279","70-79",2953,"NT","Female",2019,72213
"Row279","80+",644,"NT","Female",2019,72213
"Row280","16-19",3358,"NT","Female",2020,73168
"Row280","20-24",5887,"NT","Female",2020,73168
"Row280","25-29",8652,"NT","Female",2020,73168
"Row280","30-39",18185,"NT","Female",2020,73168
"Row280","40-49",13641,"NT","Female",2020,73168
"Row280","50-59",11689,"NT","Female",2020,73168
"Row280","60-69",7768,"NT","Female",2020,73168
"Row280","70-79",3221,"NT","Female",2020,73168
"Row280","80+",767,"NT","Female",2020,73168
"Row281","16-19",3336,"NT","Female",2021,74333
"Row281","20-24",5918,"NT","Female",2021,74333
"Row281","25-29",8682,"NT","Female",2021,74333
"Row281","30-39",18546,"NT","Female",2021,74333
"Row281","40-49",13689,"NT","Female",2021,74333
"Row281","50-59",11853,"NT","Female",2021,74333
"Row281","60-69",7962,"NT","Female",2021,74333
"Row281","70-79",3489,"NT","Female",2021,74333
"Row281","80+",858,"NT","Female",2021,74333
"Row282","16-19",3205,"NT","Female",2022,74190
"Row282","20-24",5771,"NT","Female",2022,74190
"Row282","25-29",8461,"NT","Female",2022,74190
"Row282","30-39",18473,"NT","Female",2022,74190
"Row282","40-49",13703,"NT","Female",2022,74190
"Row282","50-59",11789,"NT","Female",2022,74190
"Row282","60-69",8077,"NT","Female",2022,74190
"Row282","70-79",3722,"NT","Female",2022,74190
"Row282","80+",989,"NT","Female",2022,74190
"Row283","16-19",3810,"NT","Female",2023,75376
"Row283","20-24",6075,"NT","Female",2023,75376
"Row283","25-29",8856,"NT","Female",2023,75376
"Row283","30-39",18533,"NT","Female",2023,75376
"Row283","40-49",13659,"NT","Female",2023,75376
"Row283","50-59",11709,"NT","Female",2023,75376
"Row283","60-69",7928,"NT","Female",2023,75376
"Row283","70-79",3794,"NT","Female",2023,75376
"Row283","80+",1012,"NT","Female",2023,75376
"Row284","16-19",3905,"NT","Female",2024,76322
"Row284","20-24",6276,"NT","Female",2024,76322
"Row284","25-29",8668,"NT","Female",2024,76322
"Row284","30-39",18725,"NT","Female",2024,76322
"Row284","40-49",13873,"NT","Female",2024,76322
"Row284","50-59",11669,"NT","Female",2024,76322
"Row284","60-69",8042,"NT","Female",2024,76322
"Row284","70-79",4009,"NT","Female",2024,76322
"Row284","80+",1155,"NT","Female",2024,76322
"Row285","16-19",3535,"NT","Male",2010,72988
"Row285","20-24",7034,"NT","Male",2010,72988
"Row285","25-29",8187,"NT","Male",2010,72988
"Row285","30-39",15715,"NT","Male",2010,72988
"Row285","40-49",15307,"NT","Male",2010,72988
"Row285","50-59",12974,"NT","Male",2010,72988
"Row285","60-69",7587,"NT","Male",2010,72988
"Row285","70-79",2179,"NT","Male",2010,72988
"Row285","80+",470,"NT","Male",2010,72988
"Row286","16-19",3539,"NT","Male",2011,72971
"Row286","20-24",6936,"NT","Male",2011,72971
"Row286","25-29",8291,"NT","Male",2011,72971
"Row286","30-39",15360,"NT","Male",2011,72971
"Row286","40-49",15090,"NT","Male",2011,72971
"Row286","50-59",13001,"NT","Male",2011,72971
"Row286","60-69",7908,"NT","Male",2011,72971
"Row286","70-79",2348,"NT","Male",2011,72971
"Row286","80+",498,"NT","Male",2011,72971
"Row287","16-19",3589,"NT","Male",2012,75613
"Row287","20-24",7302,"NT","Male",2012,75613
"Row287","25-29",8861,"NT","Male",2012,75613
"Row287","30-39",15834,"NT","Male",2012,75613
"Row287","40-49",15233,"NT","Male",2012,75613
"Row287","50-59",13344,"NT","Male",2012,75613
"Row287","60-69",8350,"NT","Male",2012,75613
"Row287","70-79",2555,"NT","Male",2012,75613
"Row287","80+",545,"NT","Male",2012,75613
"Row288","16-19",3522,"NT","Male",2013,80802
"Row288","20-24",7840,"NT","Male",2013,80802
"Row288","25-29",9702,"NT","Male",2013,80802
"Row288","30-39",17425,"NT","Male",2013,80802
"Row288","40-49",15896,"NT","Male",2013,80802
"Row288","50-59",14109,"NT","Male",2013,80802
"Row288","60-69",8913,"NT","Male",2013,80802
"Row288","70-79",2822,"NT","Male",2013,80802
"Row288","80+",573,"NT","Male",2013,80802
"Row289","16-19",3482,"NT","Male",2014,83408
"Row289","20-24",7892,"NT","Male",2014,83408
"Row289","25-29",10322,"NT","Male",2014,83408
"Row289","30-39",18168,"NT","Male",2014,83408
"Row289","40-49",16196,"NT","Male",2014,83408
"Row289","50-59",14442,"NT","Male",2014,83408
"Row289","60-69",9243,"NT","Male",2014,83408
"Row289","70-79",3054,"NT","Male",2014,83408
"Row289","80+",609,"NT","Male",2014,83408
"Row290","16-19",3448,"NT","Male",2015,84179
"Row290","20-24",7508,"NT","Male",2015,84179
"Row290","25-29",10476,"NT","Male",2015,84179
"Row290","30-39",18668,"NT","Male",2015,84179
"Row290","40-49",16306,"NT","Male",2015,84179
"Row290","50-59",14486,"NT","Male",2015,84179
"Row290","60-69",9482,"NT","Male",2015,84179
"Row290","70-79",3172,"NT","Male",2015,84179
"Row290","80+",633,"NT","Male",2015,84179
"Row291","16-19",3488,"NT","Male",2016,84708
"Row291","20-24",7493,"NT","Male",2016,84708
"Row291","25-29",10165,"NT","Male",2016,84708
"Row291","30-39",19147,"NT","Male",2016,84708
"Row291","40-49",16298,"NT","Male",2016,84708
"Row291","50-59",14489,"NT","Male",2016,84708
"Row291","60-69",9588,"NT","Male",2016,84708
"Row291","70-79",3389,"NT","Male",2016,84708
"Row291","80+",651,"NT","Male",2016,84708
"Row292","16-19",3611,"NT","Male",2017,85384
"Row292","20-24",7599,"NT","Male",2017,85384
"Row292","25-29",9889,"NT","Male",2017,85384
"Row292","30-39",19484,"NT","Male",2017,85384
"Row292","40-49",16225,"NT","Male",2017,85384
"Row292","50-59",14557,"NT","Male",2017,85384
"Row292","60-69",9653,"NT","Male",2017,85384
"Row292","70-79",3688,"NT","Male",2017,85384
"Row292","80+",678,"NT","Male",2017,85384
"Row293","16-19",3599,"NT","Male",2018,85380
"Row293","20-24",7424,"NT","Male",2018,85380
"Row293","25-29",9588,"NT","Male",2018,85380
"Row293","30-39",19634,"NT","Male",2018,85380
"Row293","40-49",16162,"NT","Male",2018,85380
"Row293","50-59",14417,"NT","Male",2018,85380
"Row293","60-69",9803,"NT","Male",2018,85380
"Row293","70-79",4000,"NT","Male",2018,85380
"Row293","80+",753,"NT","Male",2018,85380
"Row294","16-19",3599,"NT","Male",2019,85380
"Row294","20-24",7424,"NT","Male",2019,85380
"Row294","25-29",9588,"NT","Male",2019,85380
"Row294","30-39",19634,"NT","Male",2019,85380
"Row294","40-49",16162,"NT","Male",2019,85380
"Row294","50-59",14417,"NT","Male",2019,85380
"Row294","60-69",9803,"NT","Male",2019,85380
"Row294","70-79",4000,"NT","Male",2019,85380
"Row294","80+",753,"NT","Male",2019,85380
"Row295","16-19",3508,"NT","Male",2020,84663
"Row295","20-24",6976,"NT","Male",2020,84663
"Row295","25-29",9351,"NT","Male",2020,84663
"Row295","30-39",19440,"NT","Male",2020,84663
"Row295","40-49",15515,"NT","Male",2020,84663
"Row295","50-59",14241,"NT","Male",2020,84663
"Row295","60-69",9990,"NT","Male",2020,84663
"Row295","70-79",4630,"NT","Male",2020,84663
"Row295","80+",1012,"NT","Male",2020,84663
"Row296","16-19",3564,"NT","Male",2021,84875
"Row296","20-24",7002,"NT","Male",2021,84875
"Row296","25-29",9145,"NT","Male",2021,84875
"Row296","30-39",19511,"NT","Male",2021,84875
"Row296","40-49",15181,"NT","Male",2021,84875
"Row296","50-59",14272,"NT","Male",2021,84875
"Row296","60-69",10160,"NT","Male",2021,84875
"Row296","70-79",4907,"NT","Male",2021,84875
"Row296","80+",1133,"NT","Male",2021,84875
"Row297","16-19",3641,"NT","Male",2022,84873
"Row297","20-24",6850,"NT","Male",2022,84873
"Row297","25-29",9096,"NT","Male",2022,84873
"Row297","30-39",19455,"NT","Male",2022,84873
"Row297","40-49",14989,"NT","Male",2022,84873
"Row297","50-59",14156,"NT","Male",2022,84873
"Row297","60-69",10296,"NT","Male",2022,84873
"Row297","70-79",5111,"NT","Male",2022,84873
"Row297","80+",1279,"NT","Male",2022,84873
"Row298","16-19",4264,"NT","Male",2023,85978
"Row298","20-24",7319,"NT","Male",2023,85978
"Row298","25-29",9482,"NT","Male",2023,85978
"Row298","30-39",19372,"NT","Male",2023,85978
"Row298","40-49",15033,"NT","Male",2023,85978
"Row298","50-59",13934,"NT","Male",2023,85978
"Row298","60-69",10164,"NT","Male",2023,85978
"Row298","70-79",5117,"NT","Male",2023,85978
"Row298","80+",1293,"NT","Male",2023,85978
"Row299","16-19",4420,"NT","Male",2024,87085
"Row299","20-24",7656,"NT","Male",2024,87085
"Row299","25-29",9592,"NT","Male",2024,87085
"Row299","30-39",19347,"NT","Male",2024,87085
"Row299","40-49",15188,"NT","Male",2024,87085
"Row299","50-59",13783,"NT","Male",2024,87085
"Row299","60-69",10291,"NT","Male",2024,87085
"Row299","70-79",5362,"NT","Male",2024,87085
"Row299","80+",1446,"NT","Male",2024,87085
"Row300","16-19",6697,"NT","Persons",2010,132561
"Row300","20-24",12492,"NT","Persons",2010,132561
"Row300","25-29",15422,"NT","Persons",2010,132561
"Row300","30-39",29757,"NT","Persons",2010,132561
"Row300","40-49",28061,"NT","Persons",2010,132561
"Row300","50-59",23265,"NT","Persons",2010,132561
"Row300","60-69",12625,"NT","Persons",2010,132561
"Row300","70-79",3483,"NT","Persons",2010,132561
"Row300","80+",759,"NT","Persons",2010,132561
"Row301","16-19",6681,"NT","Persons",2011,133035
"Row301","20-24",12362,"NT","Persons",2011,133035
"Row301","25-29",15609,"NT","Persons",2011,133035
"Row301","30-39",29177,"NT","Persons",2011,133035
"Row301","40-49",27920,"NT","Persons",2011,133035
"Row301","50-59",23430,"NT","Persons",2011,133035
"Row301","60-69",13256,"NT","Persons",2011,133035
"Row301","70-79",3783,"NT","Persons",2011,133035
"Row301","80+",817,"NT","Persons",2011,133035
"Row302","16-19",6771,"NT","Persons",2012,138077
"Row302","20-24",13038,"NT","Persons",2012,138077
"Row302","25-29",16434,"NT","Persons",2012,138077
"Row302","30-39",30230,"NT","Persons",2012,138077
"Row302","40-49",28309,"NT","Persons",2012,138077
"Row302","50-59",24207,"NT","Persons",2012,138077
"Row302","60-69",14036,"NT","Persons",2012,138077
"Row302","70-79",4164,"NT","Persons",2012,138077
"Row302","80+",888,"NT","Persons",2012,138077
"Row303","16-19",6621,"NT","Persons",2013,146404
"Row303","20-24",14007,"NT","Persons",2013,146404
"Row303","25-29",17770,"NT","Persons",2013,146404
"Row303","30-39",32681,"NT","Persons",2013,146404
"Row303","40-49",29300,"NT","Persons",2013,146404
"Row303","50-59",25461,"NT","Persons",2013,146404
"Row303","60-69",15004,"NT","Persons",2013,146404
"Row303","70-79",4613,"NT","Persons",2013,146404
"Row303","80+",947,"NT","Persons",2013,146404
"Row304","16-19",6595,"NT","Persons",2014,150653
"Row304","20-24",14117,"NT","Persons",2014,150653
"Row304","25-29",18638,"NT","Persons",2014,150653
"Row304","30-39",33922,"NT","Persons",2014,150653
"Row304","40-49",29722,"NT","Persons",2014,150653
"Row304","50-59",25941,"NT","Persons",2014,150653
"Row304","60-69",15684,"NT","Persons",2014,150653
"Row304","70-79",5020,"NT","Persons",2014,150653
"Row304","80+",1014,"NT","Persons",2014,150653
"Row305","16-19",6438,"NT","Persons",2015,152268
"Row305","20-24",13730,"NT","Persons",2015,152268
"Row305","25-29",18917,"NT","Persons",2015,152268
"Row305","30-39",34892,"NT","Persons",2015,152268
"Row305","40-49",29765,"NT","Persons",2015,152268
"Row305","50-59",26092,"NT","Persons",2015,152268
"Row305","60-69",16099,"NT","Persons",2015,152268
"Row305","70-79",5259,"NT","Persons",2015,152268
"Row305","80+",1076,"NT","Persons",2015,152268
"Row306","16-19",6622,"NT","Persons",2016,154405
"Row306","20-24",13671,"NT","Persons",2016,154405
"Row306","25-29",18726,"NT","Persons",2016,154405
"Row306","30-39",36048,"NT","Persons",2016,154405
"Row306","40-49",30010,"NT","Persons",2016,154405
"Row306","50-59",26100,"NT","Persons",2016,154405
"Row306","60-69",16468,"NT","Persons",2016,154405
"Row306","70-79",5654,"NT","Persons",2016,154405
"Row306","80+",1106,"NT","Persons",2016,154405
"Row307","16-19",6880,"NT","Persons",2017,156344
"Row307","20-24",13755,"NT","Persons",2017,156344
"Row307","25-29",18638,"NT","Persons",2017,156344
"Row307","30-39",36884,"NT","Persons",2017,156344
"Row307","40-49",29943,"NT","Persons",2017,156344
"Row307","50-59",26176,"NT","Persons",2017,156344
"Row307","60-69",16733,"NT","Persons",2017,156344
"Row307","70-79",6152,"NT","Persons",2017,156344
"Row307","80+",1183,"NT","Persons",2017,156344
"Row308","16-19",7015,"NT","Persons",2018,157296
"Row308","20-24",13614,"NT","Persons",2018,157296
"Row308","25-29",18229,"NT","Persons",2018,157296
"Row308","30-39",37263,"NT","Persons",2018,157296
"Row308","40-49",29924,"NT","Persons",2018,157296
"Row308","50-59",26103,"NT","Persons",2018,157296
"Row308","60-69",17127,"NT","Persons",2018,157296
"Row308","70-79",6698,"NT","Persons",2018,157296
"Row308","80+",1323,"NT","Persons",2018,157296
"Row309","16-19",6880,"NT","Persons",2019,156344
"Row309","20-24",13755,"NT","Persons",2019,156344
"Row309","25-29",18638,"NT","Persons",2019,156344
"Row309","30-39",36884,"NT","Persons",2019,156344
"Row309","40-49",29943,"NT","Persons",2019,156344
"Row309","50-59",26176,"NT","Persons",2019,156344
"Row309","60-69",16733,"NT","Persons",2019,156344
"Row309","70-79",6152,"NT","Persons",2019,156344
"Row309","80+",1183,"NT","Persons",2019,156344
"Row310","16-19",6866,"NT","Persons",2020,157831
"Row310","20-24",12863,"NT","Persons",2020,157831
"Row310","25-29",18003,"NT","Persons",2020,157831
"Row310","30-39",37625,"NT","Persons",2020,157831
"Row310","40-49",29156,"NT","Persons",2020,157831
"Row310","50-59",25930,"NT","Persons",2020,157831
"Row310","60-69",17758,"NT","Persons",2020,157831
"Row310","70-79",7851,"NT","Persons",2020,157831
"Row310","80+",1779,"NT","Persons",2020,157831
"Row311","16-19",6900,"NT","Persons",2021,159208
"Row311","20-24",12920,"NT","Persons",2021,159208
"Row311","25-29",17827,"NT","Persons",2021,159208
"Row311","30-39",38057,"NT","Persons",2021,159208
"Row311","40-49",28870,"NT","Persons",2021,159208
"Row311","50-59",26125,"NT","Persons",2021,159208
"Row311","60-69",18122,"NT","Persons",2021,159208
"Row311","70-79",8396,"NT","Persons",2021,159208
"Row311","80+",1991,"NT","Persons",2021,159208
"Row312","16-19",6846,"NT","Persons",2022,159063
"Row312","20-24",12621,"NT","Persons",2022,159063
"Row312","25-29",17557,"NT","Persons",2022,159063
"Row312","30-39",37928,"NT","Persons",2022,159063
"Row312","40-49",28692,"NT","Persons",2022,159063
"Row312","50-59",25945,"NT","Persons",2022,159063
"Row312","60-69",18373,"NT","Persons",2022,159063
"Row312","70-79",8833,"NT","Persons",2022,159063
"Row312","80+",2268,"NT","Persons",2022,159063
"Row313","16-19",8078,"NT","Persons",2023,161361
"Row313","20-24",13394,"NT","Persons",2023,161361
"Row313","25-29",18340,"NT","Persons",2023,161361
"Row313","30-39",37906,"NT","Persons",2023,161361
"Row313","40-49",28692,"NT","Persons",2023,161361
"Row313","50-59",25643,"NT","Persons",2023,161361
"Row313","60-69",18092,"NT","Persons",2023,161361
"Row313","70-79",8911,"NT","Persons",2023,161361
"Row313","80+",2305,"NT","Persons",2023,161361
"Row314","16-19",8329,"NT","Persons",2024,163416
"Row314","20-24",13932,"NT","Persons",2024,163416
"Row314","25-29",18262,"NT","Persons",2024,163416
"Row314","30-39",38074,"NT","Persons",2024,163416
"Row314","40-49",29062,"NT","Persons",2024,163416
"Row314","50-59",25452,"NT","Persons",2024,163416
"Row314","60-69",18333,"NT","Persons",2024,163416
"Row314","70-79",9371,"NT","Persons",2024,163416
"Row314","80+",2601,"NT","Persons",2024,163416
"Row315","16-19",8543,"ACT","Female",2010,140724
"Row315","20-24",13928,"ACT","Female",2010,140724
"Row315","25-29",15520,"ACT","Female",2010,140724
"Row315","30-39",28977,"ACT","Female",2010,140724
"Row315","40-49",26512,"ACT","Female",2010,140724
"Row315","50-59",23188,"ACT","Female",2010,140724
"Row315","60-69",14971,"ACT","Female",2010,140724
"Row315","70-79",6305,"ACT","Female",2010,140724
"Row315","80+",2780,"ACT","Female",2010,140724
"Row316","16-19",8706,"ACT","Female",2011,144078
"Row316","20-24",14072,"ACT","Female",2011,144078
"Row316","25-29",15763,"ACT","Female",2011,144078
"Row316","30-39",29561,"ACT","Female",2011,144078
"Row316","40-49",26972,"ACT","Female",2011,144078
"Row316","50-59",23532,"ACT","Female",2011,144078
"Row316","60-69",15788,"ACT","Female",2011,144078
"Row316","70-79",6636,"ACT","Female",2011,144078
"Row316","80+",3048,"ACT","Female",2011,144078
"Row317","16-19",8581,"ACT","Female",2012,147947
"Row317","20-24",14401,"ACT","Female",2012,147947
"Row317","25-29",16193,"ACT","Female",2012,147947
"Row317","30-39",30372,"ACT","Female",2012,147947
"Row317","40-49",27560,"ACT","Female",2012,147947
"Row317","50-59",23826,"ACT","Female",2012,147947
"Row317","60-69",16582,"ACT","Female",2012,147947
"Row317","70-79",7125,"ACT","Female",2012,147947
"Row317","80+",3307,"ACT","Female",2012,147947
"Row318","16-19",8336,"ACT","Female",2013,150982
"Row318","20-24",14421,"ACT","Female",2013,150982
"Row318","25-29",16489,"ACT","Female",2013,150982
"Row318","30-39",31080,"ACT","Female",2013,150982
"Row318","40-49",28214,"ACT","Female",2013,150982
"Row318","50-59",24003,"ACT","Female",2013,150982
"Row318","60-69",17301,"ACT","Female",2013,150982
"Row318","70-79",7562,"ACT","Female",2013,150982
"Row318","80+",3576,"ACT","Female",2013,150982
"Row319","16-19",8199,"ACT","Female",2014,154703
"Row319","20-24",14419,"ACT","Female",2014,154703
"Row319","25-29",16448,"ACT","Female",2014,154703
"Row319","30-39",31843,"ACT","Female",2014,154703
"Row319","40-49",29544,"ACT","Female",2014,154703
"Row319","50-59",24387,"ACT","Female",2014,154703
"Row319","60-69",17878,"ACT","Female",2014,154703
"Row319","70-79",8082,"ACT","Female",2014,154703
"Row319","80+",3903,"ACT","Female",2014,154703
"Row320","16-19",8290,"ACT","Female",2015,153805
"Row320","20-24",14442,"ACT","Female",2015,153805
"Row320","25-29",16454,"ACT","Female",2015,153805
"Row320","30-39",31843,"ACT","Female",2015,153805
"Row320","40-49",28544,"ACT","Female",2015,153805
"Row320","50-59",24384,"ACT","Female",2015,153805
"Row320","60-69",17867,"ACT","Female",2015,153805
"Row320","70-79",8078,"ACT","Female",2015,153805
"Row320","80+",3903,"ACT","Female",2015,153805
"Row321","16-19",8575,"ACT","Female",2016,162416
"Row321","20-24",13576,"ACT","Female",2016,162416
"Row321","25-29",16365,"ACT","Female",2016,162416
"Row321","30-39",34868,"ACT","Female",2016,162416
"Row321","40-49",29879,"ACT","Female",2016,162416
"Row321","50-59",25313,"ACT","Female",2016,162416
"Row321","60-69",19455,"ACT","Female",2016,162416
"Row321","70-79",10517,"ACT","Female",2016,162416
"Row321","80+",3868,"ACT","Female",2016,162416
"Row322","16-19",8539,"ACT","Female",2017,160679
"Row322","20-24",14033,"ACT","Female",2017,160679
"Row322","25-29",16682,"ACT","Female",2017,160679
"Row322","30-39",34616,"ACT","Female",2017,160679
"Row322","40-49",29410,"ACT","Female",2017,160679
"Row322","50-59",24852,"ACT","Female",2017,160679
"Row322","60-69",18930,"ACT","Female",2017,160679
"Row322","70-79",10211,"ACT","Female",2017,160679
"Row322","80+",3406,"ACT","Female",2017,160679
"Row323","16-19",8310,"ACT","Female",2018,163805
"Row323","20-24",13982,"ACT","Female",2018,163805
"Row323","25-29",16995,"ACT","Female",2018,163805
"Row323","30-39",35836,"ACT","Female",2018,163805
"Row323","40-49",29972,"ACT","Female",2018,163805
"Row323","50-59",24991,"ACT","Female",2018,163805
"Row323","60-69",19191,"ACT","Female",2018,163805
"Row323","70-79",10937,"ACT","Female",2018,163805
"Row323","80+",3591,"ACT","Female",2018,163805
"Row324","16-19",8155,"ACT","Female",2019,163343
"Row324","20-24",13431,"ACT","Female",2019,163343
"Row324","25-29",16522,"ACT","Female",2019,163343
"Row324","30-39",35837,"ACT","Female",2019,163343
"Row324","40-49",29920,"ACT","Female",2019,163343
"Row324","50-59",24765,"ACT","Female",2019,163343
"Row324","60-69",19342,"ACT","Female",2019,163343
"Row324","70-79",11577,"ACT","Female",2019,163343
"Row324","80+",3794,"ACT","Female",2019,163343
"Row325","16-19",7247,"ACT","Female",2020,161479
"Row325","20-24",12751,"ACT","Female",2020,161479
"Row325","25-29",15851,"ACT","Female",2020,161479
"Row325","30-39",35454,"ACT","Female",2020,161479
"Row325","40-49",29926,"ACT","Female",2020,161479
"Row325","50-59",24704,"ACT","Female",2020,161479
"Row325","60-69",19225,"ACT","Female",2020,161479
"Row325","70-79",12278,"ACT","Female",2020,161479
"Row325","80+",4043,"ACT","Female",2020,161479
"Row326","16-19",5716,"ACT","Female",2021,161108
"Row326","20-24",12165,"ACT","Female",2021,161108
"Row326","25-29",15705,"ACT","Female",2021,161108
"Row326","30-39",35571,"ACT","Female",2021,161108
"Row326","40-49",30277,"ACT","Female",2021,161108
"Row326","50-59",25009,"ACT","Female",2021,161108
"Row326","60-69",19310,"ACT","Female",2021,161108
"Row326","70-79",13038,"ACT","Female",2021,161108
"Row326","80+",4317,"ACT","Female",2021,161108
"Row327","16-19",8504,"ACT","Female",2022,167079
"Row327","20-24",12423,"ACT","Female",2022,167079
"Row327","25-29",16475,"ACT","Female",2022,167079
"Row327","30-39",36167,"ACT","Female",2022,167079
"Row327","40-49",30686,"ACT","Female",2022,167079
"Row327","50-59",25139,"ACT","Female",2022,167079
"Row327","60-69",19318,"ACT","Female",2022,167079
"Row327","70-79",13573,"ACT","Female",2022,167079
"Row327","80+",4794,"ACT","Female",2022,167079
"Row328","16-19",8931,"ACT","Female",2023,169866
"Row328","20-24",12072,"ACT","Female",2023,169866
"Row328","25-29",16556,"ACT","Female",2023,169866
"Row328","30-39",36502,"ACT","Female",2023,169866
"Row328","40-49",31207,"ACT","Female",2023,169866
"Row328","50-59",25645,"ACT","Female",2023,169866
"Row328","60-69",19528,"ACT","Female",2023,169866
"Row328","70-79",14257,"ACT","Female",2023,169866
"Row328","80+",5168,"ACT","Female",2023,169866
"Row329","16-19",9199,"ACT","Female",2024,172450
"Row329","20-24",11814,"ACT","Female",2024,172450
"Row329","25-29",16273,"ACT","Female",2024,172450
"Row329","30-39",36804,"ACT","Female",2024,172450
"Row329","40-49",32081,"ACT","Female",2024,172450
"Row329","50-59",25865,"ACT","Female",2024,172450
"Row329","60-69",19934,"ACT","Female",2024,172450
"Row329","70-79",14800,"ACT","Female",2024,172450
"Row329","80+",5680,"ACT","Female",2024,172450
"Row330","16-19",9186,"ACT","Male",2010,146410
"Row330","20-24",14594,"ACT","Male",2010,146410
"Row330","25-29",15948,"ACT","Male",2010,146410
"Row330","30-39",29876,"ACT","Male",2010,146410
"Row330","40-49",26886,"ACT","Male",2010,146410
"Row330","50-59",23056,"ACT","Male",2010,146410
"Row330","60-69",16164,"ACT","Male",2010,146410
"Row330","70-79",7203,"ACT","Male",2010,146410
"Row330","80+",3497,"ACT","Male",2010,146410
"Row331","16-19",9022,"ACT","Male",2011,150096
"Row331","20-24",15067,"ACT","Male",2011,150096
"Row331","25-29",16457,"ACT","Male",2011,150096
"Row331","30-39",30452,"ACT","Male",2011,150096
"Row331","40-49",27571,"ACT","Male",2011,150096
"Row331","50-59",23405,"ACT","Male",2011,150096
"Row331","60-69",16831,"ACT","Male",2011,150096
"Row331","70-79",7442,"ACT","Male",2011,150096
"Row331","80+",3849,"ACT","Male",2011,150096
"Row332","16-19",8887,"ACT","Male",2012,153894
"Row332","20-24",15245,"ACT","Male",2012,153894
"Row332","25-29",16913,"ACT","Male",2012,153894
"Row332","30-39",31435,"ACT","Male",2012,153894
"Row332","40-49",28147,"ACT","Male",2012,153894
"Row332","50-59",23842,"ACT","Male",2012,153894
"Row332","60-69",17383,"ACT","Male",2012,153894
"Row332","70-79",7938,"ACT","Male",2012,153894
"Row332","80+",4104,"ACT","Male",2012,153894
"Row333","16-19",8555,"ACT","Male",2013,156852
"Row333","20-24",15397,"ACT","Male",2013,156852
"Row333","25-29",17050,"ACT","Male",2013,156852
"Row333","30-39",32390,"ACT","Male",2013,156852
"Row333","40-49",28711,"ACT","Male",2013,156852
"Row333","50-59",24059,"ACT","Male",2013,156852
"Row333","60-69",17996,"ACT","Male",2013,156852
"Row333","70-79",8294,"ACT","Male",2013,156852
"Row333","80+",4400,"ACT","Male",2013,156852
"Row334","16-19",8452,"ACT","Male",2014,159541
"Row334","20-24",15182,"ACT","Male",2014,159541
"Row334","25-29",17050,"ACT","Male",2014,159541
"Row334","30-39",33306,"ACT","Male",2014,159541
"Row334","40-49",29204,"ACT","Male",2014,159541
"Row334","50-59",24416,"ACT","Male",2014,159541
"Row334","60-69",18459,"ACT","Male",2014,159541
"Row334","70-79",8749,"ACT","Male",2014,159541
"Row334","80+",4723,"ACT","Male",2014,159541
"Row335","16-19",8515,"ACT","Male",2015,158462
"Row335","20-24",15049,"ACT","Male",2015,158462
"Row335","25-29",16864,"ACT","Male",2015,158462
"Row335","30-39",33045,"ACT","Male",2015,158462
"Row335","40-49",29036,"ACT","Male",2015,158462
"Row335","50-59",24302,"ACT","Male",2015,158462
"Row335","60-69",18360,"ACT","Male",2015,158462
"Row335","70-79",8623,"ACT","Male",2015,158462
"Row335","80+",4668,"ACT","Male",2015,158462
"Row336","16-19",8646,"ACT","Male",2016,165959
"Row336","20-24",14176,"ACT","Male",2016,165959
"Row336","25-29",16798,"ACT","Male",2016,165959
"Row336","30-39",35636,"ACT","Male",2016,165959
"Row336","40-49",30792,"ACT","Male",2016,165959
"Row336","50-59",25262,"ACT","Male",2016,165959
"Row336","60-69",19353,"ACT","Male",2016,165959
"Row336","70-79",10834,"ACT","Male",2016,165959
"Row336","80+",4462,"ACT","Male",2016,165959
"Row337","16-19",8422,"ACT","Male",2017,163737
"Row337","20-24",14520,"ACT","Male",2017,163737
"Row337","25-29",16987,"ACT","Male",2017,163737
"Row337","30-39",35443,"ACT","Male",2017,163737
"Row337","40-49",30299,"ACT","Male",2017,163737
"Row337","50-59",24750,"ACT","Male",2017,163737
"Row337","60-69",18829,"ACT","Male",2017,163737
"Row337","70-79",10474,"ACT","Male",2017,163737
"Row337","80+",4013,"ACT","Male",2017,163737
"Row338","16-19",8305,"ACT","Male",2018,166705
"Row338","20-24",14484,"ACT","Male",2018,166705
"Row338","25-29",17402,"ACT","Male",2018,166705
"Row338","30-39",36441,"ACT","Male",2018,166705
"Row338","40-49",30755,"ACT","Male",2018,166705
"Row338","50-59",25077,"ACT","Male",2018,166705
"Row338","60-69",18987,"ACT","Male",2018,166705
"Row338","70-79",11099,"ACT","Male",2018,166705
"Row338","80+",4155,"ACT","Male",2018,166705
"Row339","16-19",8306,"ACT","Male",2019,166189
"Row339","20-24",14036,"ACT","Male",2019,166189
"Row339","25-29",16973,"ACT","Male",2019,166189
"Row339","30-39",36283,"ACT","Male",2019,166189
"Row339","40-49",30900,"ACT","Male",2019,166189
"Row339","50-59",24928,"ACT","Male",2019,166189
"Row339","60-69",18797,"ACT","Male",2019,166189
"Row339","70-79",11695,"ACT","Male",2019,166189
"Row339","80+",4271,"ACT","Male",2019,166189
"Row340","16-19",7535,"ACT","Male",2020,164875
"Row340","20-24",13307,"ACT","Male",2020,164875
"Row340","25-29",16829,"ACT","Male",2020,164875
"Row340","30-39",36216,"ACT","Male",2020,164875
"Row340","40-49",30724,"ACT","Male",2020,164875
"Row340","50-59",24851,"ACT","Male",2020,164875
"Row340","60-69",18643,"ACT","Male",2020,164875
"Row340","70-79",12239,"ACT","Male",2020,164875
"Row340","80+",4531,"ACT","Male",2020,164875
"Row341","16-19",5907,"ACT","Male",2021,165131
"Row341","20-24",12758,"ACT","Male",2021,165131
"Row341","25-29",17055,"ACT","Male",2021,165131
"Row341","30-39",36723,"ACT","Male",2021,165131
"Row341","40-49",31083,"ACT","Male",2021,165131
"Row341","50-59",25259,"ACT","Male",2021,165131
"Row341","60-69",18835,"ACT","Male",2021,165131
"Row341","70-79",12773,"ACT","Male",2021,165131
"Row341","80+",4738,"ACT","Male",2021,165131
"Row342","16-19",8805,"ACT","Male",2022,167504
"Row342","20-24",12949,"ACT","Male",2022,167504
"Row342","25-29",17309,"ACT","Male",2022,167504
"Row342","30-39",36683,"ACT","Male",2022,167504
"Row342","40-49",31195,"ACT","Male",2022,167504
"Row342","50-59",25080,"ACT","Male",2022,167504
"Row342","60-69",18027,"ACT","Male",2022,167504
"Row342","70-79",12360,"ACT","Male",2022,167504
"Row342","80+",5096,"ACT","Male",2022,167504
"Row343","16-19",9404,"ACT","Male",2023,171173
"Row343","20-24",13024,"ACT","Male",2023,171173
"Row343","25-29",17227,"ACT","Male",2023,171173
"Row343","30-39",37092,"ACT","Male",2023,171173
"Row343","40-49",32021,"ACT","Male",2023,171173
"Row343","50-59",25637,"ACT","Male",2023,171173
"Row343","60-69",18318,"ACT","Male",2023,171173
"Row343","70-79",13104,"ACT","Male",2023,171173
"Row343","80+",5346,"ACT","Male",2023,171173
"Row344","16-19",9793,"ACT","Male",2024,175006
"Row344","20-24",12890,"ACT","Male",2024,175006
"Row344","25-29",16737,"ACT","Male",2024,175006
"Row344","30-39",37503,"ACT","Male",2024,175006
"Row344","40-49",32928,"ACT","Male",2024,175006
"Row344","50-59",26216,"ACT","Male",2024,175006
"Row344","60-69",19202,"ACT","Male",2024,175006
"Row344","70-79",13981,"ACT","Male",2024,175006
"Row344","80+",5756,"ACT","Male",2024,175006
"Row345","16-19",17729,"ACT","Persons",2010,287134
"Row345","20-24",28522,"ACT","Persons",2010,287134
"Row345","25-29",31468,"ACT","Persons",2010,287134
"Row345","30-39",58853,"ACT","Persons",2010,287134
"Row345","40-49",53398,"ACT","Persons",2010,287134
"Row345","50-59",46244,"ACT","Persons",2010,287134
"Row345","60-69",31135,"ACT","Persons",2010,287134
"Row345","70-79",13508,"ACT","Persons",2010,287134
"Row345","80+",6277,"ACT","Persons",2010,287134
"Row346","16-19",17728,"ACT","Persons",2011,294174
"Row346","20-24",29139,"ACT","Persons",2011,294174
"Row346","25-29",32220,"ACT","Persons",2011,294174
"Row346","30-39",60013,"ACT","Persons",2011,294174
"Row346","40-49",54543,"ACT","Persons",2011,294174
"Row346","50-59",46937,"ACT","Persons",2011,294174
"Row346","60-69",32619,"ACT","Persons",2011,294174
"Row346","70-79",14078,"ACT","Persons",2011,294174
"Row346","80+",6897,"ACT","Persons",2011,294174
"Row347","16-19",17468,"ACT","Persons",2012,301841
"Row347","20-24",29646,"ACT","Persons",2012,301841
"Row347","25-29",33106,"ACT","Persons",2012,301841
"Row347","30-39",61807,"ACT","Persons",2012,301841
"Row347","40-49",55707,"ACT","Persons",2012,301841
"Row347","50-59",47668,"ACT","Persons",2012,301841
"Row347","60-69",33965,"ACT","Persons",2012,301841
"Row347","70-79",15063,"ACT","Persons",2012,301841
"Row347","80+",7411,"ACT","Persons",2012,301841
"Row348","16-19",16891,"ACT","Persons",2013,307834
"Row348","20-24",29818,"ACT","Persons",2013,307834
"Row348","25-29",33539,"ACT","Persons",2013,307834
"Row348","30-39",63470,"ACT","Persons",2013,307834
"Row348","40-49",56925,"ACT","Persons",2013,307834
"Row348","50-59",48062,"ACT","Persons",2013,307834
"Row348","60-69",35297,"ACT","Persons",2013,307834
"Row348","70-79",15856,"ACT","Persons",2013,307834
"Row348","80+",7976,"ACT","Persons",2013,307834
"Row349","16-19",16651,"ACT","Persons",2014,314244
"Row349","20-24",29601,"ACT","Persons",2014,314244
"Row349","25-29",33498,"ACT","Persons",2014,314244
"Row349","30-39",65149,"ACT","Persons",2014,314244
"Row349","40-49",58748,"ACT","Persons",2014,314244
"Row349","50-59",48803,"ACT","Persons",2014,314244
"Row349","60-69",36337,"ACT","Persons",2014,314244
"Row349","70-79",16831,"ACT","Persons",2014,314244
"Row349","80+",8626,"ACT","Persons",2014,314244
"Row350","16-19",16805,"ACT","Persons",2015,312267
"Row350","20-24",29491,"ACT","Persons",2015,312267
"Row350","25-29",33318,"ACT","Persons",2015,312267
"Row350","30-39",64888,"ACT","Persons",2015,312267
"Row350","40-49",57580,"ACT","Persons",2015,312267
"Row350","50-59",48686,"ACT","Persons",2015,312267
"Row350","60-69",36227,"ACT","Persons",2015,312267
"Row350","70-79",16701,"ACT","Persons",2015,312267
"Row350","80+",8571,"ACT","Persons",2015,312267
"Row351","16-19",17221,"ACT","Persons",2016,328377
"Row351","20-24",27752,"ACT","Persons",2016,328377
"Row351","25-29",33163,"ACT","Persons",2016,328377
"Row351","30-39",70505,"ACT","Persons",2016,328377
"Row351","40-49",60671,"ACT","Persons",2016,328377
"Row351","50-59",50576,"ACT","Persons",2016,328377
"Row351","60-69",38808,"ACT","Persons",2016,328377
"Row351","70-79",21351,"ACT","Persons",2016,328377
"Row351","80+",8330,"ACT","Persons",2016,328377
"Row352","16-19",16967,"ACT","Persons",2017,324439
"Row352","20-24",28556,"ACT","Persons",2017,324439
"Row352","25-29",33674,"ACT","Persons",2017,324439
"Row352","30-39",70064,"ACT","Persons",2017,324439
"Row352","40-49",59711,"ACT","Persons",2017,324439
"Row352","50-59",49603,"ACT","Persons",2017,324439
"Row352","60-69",37759,"ACT","Persons",2017,324439
"Row352","70-79",20686,"ACT","Persons",2017,324439
"Row352","80+",7419,"ACT","Persons",2017,324439
"Row353","16-19",16624,"ACT","Persons",2018,330574
"Row353","20-24",28476,"ACT","Persons",2018,330574
"Row353","25-29",34411,"ACT","Persons",2018,330574
"Row353","30-39",72295,"ACT","Persons",2018,330574
"Row353","40-49",60732,"ACT","Persons",2018,330574
"Row353","50-59",50075,"ACT","Persons",2018,330574
"Row353","60-69",38178,"ACT","Persons",2018,330574
"Row353","70-79",22037,"ACT","Persons",2018,330574
"Row353","80+",7746,"ACT","Persons",2018,330574
"Row354","16-19",16473,"ACT","Persons",2019,329637
"Row354","20-24",27479,"ACT","Persons",2019,329637
"Row354","25-29",33522,"ACT","Persons",2019,329637
"Row354","30-39",72151,"ACT","Persons",2019,329637
"Row354","40-49",60832,"ACT","Persons",2019,329637
"Row354","50-59",49701,"ACT","Persons",2019,329637
"Row354","60-69",38141,"ACT","Persons",2019,329637
"Row354","70-79",23273,"ACT","Persons",2019,329637
"Row354","80+",8065,"ACT","Persons",2019,329637
"Row355","16-19",14798,"ACT","Persons",2020,326495
"Row355","20-24",26071,"ACT","Persons",2020,326495
"Row355","25-29",32701,"ACT","Persons",2020,326495
"Row355","30-39",71723,"ACT","Persons",2020,326495
"Row355","40-49",60671,"ACT","Persons",2020,326495
"Row355","50-59",49567,"ACT","Persons",2020,326495
"Row355","60-69",37870,"ACT","Persons",2020,326495
"Row355","70-79",24519,"ACT","Persons",2020,326495
"Row355","80+",8575,"ACT","Persons",2020,326495
"Row356","16-19",11646,"ACT","Persons",2021,326454
"Row356","20-24",24947,"ACT","Persons",2021,326454
"Row356","25-29",32797,"ACT","Persons",2021,326454
"Row356","30-39",72367,"ACT","Persons",2021,326454
"Row356","40-49",61392,"ACT","Persons",2021,326454
"Row356","50-59",50286,"ACT","Persons",2021,326454
"Row356","60-69",38147,"ACT","Persons",2021,326454
"Row356","70-79",25816,"ACT","Persons",2021,326454
"Row356","80+",9056,"ACT","Persons",2021,326454
"Row357","16-19",17364,"ACT","Persons",2022,334900
"Row357","20-24",25413,"ACT","Persons",2022,334900
"Row357","25-29",33834,"ACT","Persons",2022,334900
"Row357","30-39",72940,"ACT","Persons",2022,334900
"Row357","40-49",61925,"ACT","Persons",2022,334900
"Row357","50-59",50241,"ACT","Persons",2022,334900
"Row357","60-69",37352,"ACT","Persons",2022,334900
"Row357","70-79",25940,"ACT","Persons",2022,334900
"Row357","80+",9891,"ACT","Persons",2022,334900
"Row358","16-19",18403,"ACT","Persons",2023,341420
"Row358","20-24",25149,"ACT","Persons",2023,341420
"Row358","25-29",33840,"ACT","Persons",2023,341420
"Row358","30-39",73700,"ACT","Persons",2023,341420
"Row358","40-49",63278,"ACT","Persons",2023,341420
"Row358","50-59",51307,"ACT","Persons",2023,341420
"Row358","60-69",37855,"ACT","Persons",2023,341420
"Row358","70-79",27372,"ACT","Persons",2023,341420
"Row358","80+",10516,"ACT","Persons",2023,341420
"Row359","16-19",19066,"ACT","Persons",2024,347892
"Row359","20-24",24762,"ACT","Persons",2024,347892
"Row359","25-29",33079,"ACT","Persons",2024,347892
"Row359","30-39",74422,"ACT","Persons",2024,347892
"Row359","40-49",65074,"ACT","Persons",2024,347892
"Row359","50-59",52110,"ACT","Persons",2024,347892
"Row359","60-69",39147,"ACT","Persons",2024,347892
"Row359","70-79",28791,"ACT","Persons",2024,347892
"Row359","80+",11441,"ACT","Persons",2024,347892
